
lcd.elf：     文件格式 elf32-littlearm


Disassembly of section .text:

87800000 <_start>:
87800000:	e59ff138 	ldr	pc, [pc, #312]	; 87800140 <FIQ_Handler+0x8>
87800004:	e59ff138 	ldr	pc, [pc, #312]	; 87800144 <FIQ_Handler+0xc>
87800008:	e59ff138 	ldr	pc, [pc, #312]	; 87800148 <FIQ_Handler+0x10>
8780000c:	e59ff138 	ldr	pc, [pc, #312]	; 8780014c <FIQ_Handler+0x14>
87800010:	e59ff138 	ldr	pc, [pc, #312]	; 87800150 <FIQ_Handler+0x18>
87800014:	e59ff138 	ldr	pc, [pc, #312]	; 87800154 <FIQ_Handler+0x1c>
87800018:	e59ff138 	ldr	pc, [pc, #312]	; 87800158 <FIQ_Handler+0x20>
8780001c:	e59ff138 	ldr	pc, [pc, #312]	; 8780015c <FIQ_Handler+0x24>

87800020 <Reset_Handler>:
87800020:	f10c0080 	cpsid	i
87800024:	ee110f10 	mrc	15, 0, r0, cr1, cr0, {0}
87800028:	e3c00a01 	bic	r0, r0, #4096	; 0x1000
8780002c:	e3c00b02 	bic	r0, r0, #2048	; 0x800
87800030:	e3c00004 	bic	r0, r0, #4
87800034:	e3c00002 	bic	r0, r0, #2
87800038:	e3c00001 	bic	r0, r0, #1
8780003c:	ee010f10 	mcr	15, 0, r0, cr1, cr0, {0}
87800040:	e59f0118 	ldr	r0, [pc, #280]	; 87800160 <FIQ_Handler+0x28>
87800044:	f57ff04f 	dsb	sy
87800048:	f57ff06f 	isb	sy
8780004c:	ee0c0f10 	mcr	15, 0, r0, cr12, cr0, {0}
87800050:	f57ff04f 	dsb	sy
87800054:	f57ff06f 	isb	sy

87800058 <_bss_start>:
87800058:	87800058 			; <UNDEFINED> instruction: 0x87800058

8780005c <_bss_end>:
8780005c:	8780005c 			; <UNDEFINED> instruction: 0x8780005c
87800060:	e51f0010 	ldr	r0, [pc, #-16]	; 87800058 <_bss_start>
87800064:	e51f1010 	ldr	r1, [pc, #-16]	; 8780005c <_bss_end>
87800068:	e3a02000 	mov	r2, #0

8780006c <bss_loop>:
8780006c:	e8a00004 	stmia	r0!, {r2}
87800070:	e1500001 	cmp	r0, r1
87800074:	dafffffc 	ble	8780006c <bss_loop>
87800078:	e10f0000 	mrs	r0, CPSR
8780007c:	e3c0001f 	bic	r0, r0, #31
87800080:	e3800012 	orr	r0, r0, #18
87800084:	e129f000 	msr	CPSR_fc, r0
87800088:	e59fd0d4 	ldr	sp, [pc, #212]	; 87800164 <FIQ_Handler+0x2c>
8780008c:	e10f0000 	mrs	r0, CPSR
87800090:	e3c0001f 	bic	r0, r0, #31
87800094:	e380001f 	orr	r0, r0, #31
87800098:	e129f000 	msr	CPSR_fc, r0
8780009c:	e59fd0c4 	ldr	sp, [pc, #196]	; 87800168 <FIQ_Handler+0x30>
878000a0:	e10f0000 	mrs	r0, CPSR
878000a4:	e3c0001f 	bic	r0, r0, #31
878000a8:	e3800013 	orr	r0, r0, #19
878000ac:	e129f000 	msr	CPSR_fc, r0
878000b0:	e59fd0b4 	ldr	sp, [pc, #180]	; 8780016c <FIQ_Handler+0x34>
878000b4:	f1080080 	cpsie	i
878000b8:	ea000a8e 	b	87802af8 <__main_from_arm>

878000bc <Undefined_Handler>:
878000bc:	e59f0080 	ldr	r0, [pc, #128]	; 87800144 <FIQ_Handler+0xc>
878000c0:	e12fff10 	bx	r0

878000c4 <SVC_Handler>:
878000c4:	e59f007c 	ldr	r0, [pc, #124]	; 87800148 <FIQ_Handler+0x10>
878000c8:	e12fff10 	bx	r0

878000cc <PreAbort_Handler>:
878000cc:	e59f0078 	ldr	r0, [pc, #120]	; 8780014c <FIQ_Handler+0x14>
878000d0:	e12fff10 	bx	r0

878000d4 <DataAbort_Handler>:
878000d4:	e59f0074 	ldr	r0, [pc, #116]	; 87800150 <FIQ_Handler+0x18>
878000d8:	e12fff10 	bx	r0

878000dc <NotUsed_Handler>:
878000dc:	e59f0070 	ldr	r0, [pc, #112]	; 87800154 <FIQ_Handler+0x1c>
878000e0:	e12fff10 	bx	r0

878000e4 <IRQ_Handler>:
878000e4:	e52de004 	push	{lr}		; (str lr, [sp, #-4]!)
878000e8:	e92d100f 	push	{r0, r1, r2, r3, ip}
878000ec:	e14f0000 	mrs	r0, SPSR
878000f0:	e52d0004 	push	{r0}		; (str r0, [sp, #-4]!)
878000f4:	ee9f1f10 	mrc	15, 4, r1, cr15, cr0, {0}
878000f8:	e2811a02 	add	r1, r1, #8192	; 0x2000
878000fc:	e591000c 	ldr	r0, [r1, #12]
87800100:	e92d0003 	push	{r0, r1}
87800104:	f1020013 	cps	#19
87800108:	e52de004 	push	{lr}		; (str lr, [sp, #-4]!)
8780010c:	e59f205c 	ldr	r2, [pc, #92]	; 87800170 <FIQ_Handler+0x38>
87800110:	e12fff32 	blx	r2
87800114:	e49de004 	pop	{lr}		; (ldr lr, [sp], #4)
87800118:	f1020012 	cps	#18
8780011c:	e8bd0003 	pop	{r0, r1}
87800120:	e5810010 	str	r0, [r1, #16]
87800124:	e49d0004 	pop	{r0}		; (ldr r0, [sp], #4)
87800128:	e16ff000 	msr	SPSR_fsxc, r0
8780012c:	e8bd100f 	pop	{r0, r1, r2, r3, ip}
87800130:	e49de004 	pop	{lr}		; (ldr lr, [sp], #4)
87800134:	e25ef004 	subs	pc, lr, #4

87800138 <FIQ_Handler>:
87800138:	e59f001c 	ldr	r0, [pc, #28]	; 8780015c <FIQ_Handler+0x24>
8780013c:	e12fff10 	bx	r0
87800140:	87800020 	strhi	r0, [r0, r0, lsr #32]
87800144:	878000bc 			; <UNDEFINED> instruction: 0x878000bc
87800148:	878000c4 	strhi	r0, [r0, r4, asr #1]
8780014c:	878000cc 	strhi	r0, [r0, ip, asr #1]
87800150:	878000d4 			; <UNDEFINED> instruction: 0x878000d4
87800154:	878000dc 			; <UNDEFINED> instruction: 0x878000dc
87800158:	878000e4 	strhi	r0, [r0, r4, ror #1]
8780015c:	87800138 			; <UNDEFINED> instruction: 0x87800138
87800160:	87800000 	strhi	r0, [r0, r0]
87800164:	80600000 	rsbhi	r0, r0, r0
87800168:	80400000 	subhi	r0, r0, r0
8780016c:	80200000 	eorhi	r0, r0, r0
87800170:	878006c1 	strhi	r0, [r0, r1, asr #13]
87800174:	00001e41 	andeq	r1, r0, r1, asr #28
87800178:	61656100 	cmnvs	r5, r0, lsl #2
8780017c:	01006962 	tsteq	r0, r2, ror #18
87800180:	00000014 	andeq	r0, r0, r4, lsl r0
87800184:	412d3705 	teqmi	sp, r5, lsl #14
87800188:	070a0600 	streq	r0, [sl, -r0, lsl #12]
8780018c:	09010841 	stmdbeq	r1, {r0, r6, fp}
87800190:	00040a02 	andeq	r0, r4, r2, lsl #20

87800194 <Clock_Enable>:
87800194:	f44f 4380 	mov.w	r3, #16384	; 0x4000
87800198:	f04f 32ff 	mov.w	r2, #4294967295	; 0xffffffff
8780019c:	f2c0 230c 	movt	r3, #524	; 0x20c
878001a0:	669a      	str	r2, [r3, #104]	; 0x68
878001a2:	66da      	str	r2, [r3, #108]	; 0x6c
878001a4:	671a      	str	r2, [r3, #112]	; 0x70
878001a6:	675a      	str	r2, [r3, #116]	; 0x74
878001a8:	679a      	str	r2, [r3, #120]	; 0x78
878001aa:	67da      	str	r2, [r3, #124]	; 0x7c
878001ac:	f8c3 2080 	str.w	r2, [r3, #128]	; 0x80
878001b0:	4770      	bx	lr
878001b2:	bf00      	nop

878001b4 <imx6u_clkinit>:
878001b4:	f44f 4380 	mov.w	r3, #16384	; 0x4000
878001b8:	b410      	push	{r4}
878001ba:	f2c0 230c 	movt	r3, #524	; 0x20c
878001be:	68da      	ldr	r2, [r3, #12]
878001c0:	0752      	lsls	r2, r2, #29
878001c2:	d407      	bmi.n	878001d4 <imx6u_clkinit+0x20>
878001c4:	68da      	ldr	r2, [r3, #12]
878001c6:	f422 7280 	bic.w	r2, r2, #256	; 0x100
878001ca:	60da      	str	r2, [r3, #12]
878001cc:	68da      	ldr	r2, [r3, #12]
878001ce:	f042 0204 	orr.w	r2, r2, #4
878001d2:	60da      	str	r2, [r3, #12]
878001d4:	f44f 4200 	mov.w	r2, #32768	; 0x8000
878001d8:	f44f 4380 	mov.w	r3, #16384	; 0x4000
878001dc:	f2c0 230c 	movt	r3, #524	; 0x20c
878001e0:	f2c0 220c 	movt	r2, #524	; 0x20c
878001e4:	f242 0058 	movw	r0, #8280	; 0x2058
878001e8:	2101      	movs	r1, #1
878001ea:	6010      	str	r0, [r2, #0]
878001ec:	f241 001b 	movw	r0, #4123	; 0x101b
878001f0:	6119      	str	r1, [r3, #16]
878001f2:	f2c2 0018 	movt	r0, #8216	; 0x2018
878001f6:	68dc      	ldr	r4, [r3, #12]
878001f8:	f241 010c 	movw	r1, #4108	; 0x100c
878001fc:	f2c1 3111 	movt	r1, #4881	; 0x1311
87800200:	f024 0404 	bic.w	r4, r4, #4
87800204:	60dc      	str	r4, [r3, #12]
87800206:	f8d2 4100 	ldr.w	r4, [r2, #256]	; 0x100
8780020a:	f004 34c0 	and.w	r4, r4, #3233857728	; 0xc0c0c0c0
8780020e:	4320      	orrs	r0, r4
87800210:	f85d 4b04 	ldr.w	r4, [sp], #4
87800214:	f8c2 0100 	str.w	r0, [r2, #256]	; 0x100
87800218:	f8d2 00f0 	ldr.w	r0, [r2, #240]	; 0xf0
8780021c:	f000 30c0 	and.w	r0, r0, #3233857728	; 0xc0c0c0c0
87800220:	4301      	orrs	r1, r0
87800222:	f8c2 10f0 	str.w	r1, [r2, #240]	; 0xf0
87800226:	699a      	ldr	r2, [r3, #24]
87800228:	f422 2240 	bic.w	r2, r2, #786432	; 0xc0000
8780022c:	619a      	str	r2, [r3, #24]
8780022e:	699a      	ldr	r2, [r3, #24]
87800230:	f442 2280 	orr.w	r2, r2, #262144	; 0x40000
87800234:	619a      	str	r2, [r3, #24]
87800236:	695a      	ldr	r2, [r3, #20]
87800238:	f022 7200 	bic.w	r2, r2, #33554432	; 0x2000000
8780023c:	615a      	str	r2, [r3, #20]
8780023e:	6c9a      	ldr	r2, [r3, #72]	; 0x48
87800240:	695a      	ldr	r2, [r3, #20]
87800242:	f422 52e0 	bic.w	r2, r2, #7168	; 0x1c00
87800246:	f442 6200 	orr.w	r2, r2, #2048	; 0x800
8780024a:	615a      	str	r2, [r3, #20]
8780024c:	6c9a      	ldr	r2, [r3, #72]	; 0x48
8780024e:	695a      	ldr	r2, [r3, #20]
87800250:	f422 7240 	bic.w	r2, r2, #768	; 0x300
87800254:	615a      	str	r2, [r3, #20]
87800256:	695a      	ldr	r2, [r3, #20]
87800258:	f442 7280 	orr.w	r2, r2, #256	; 0x100
8780025c:	615a      	str	r2, [r3, #20]
8780025e:	69da      	ldr	r2, [r3, #28]
87800260:	f022 0240 	bic.w	r2, r2, #64	; 0x40
87800264:	61da      	str	r2, [r3, #28]
87800266:	69da      	ldr	r2, [r3, #28]
87800268:	f022 023f 	bic.w	r2, r2, #63	; 0x3f
8780026c:	61da      	str	r2, [r3, #28]
8780026e:	4770      	bx	lr

87800270 <LED_Init>:
87800270:	2068      	movs	r0, #104	; 0x68
87800272:	f44f 713d 	mov.w	r1, #756	; 0x2f4
87800276:	f44f 4340 	mov.w	r3, #49152	; 0xc000
8780027a:	b430      	push	{r4, r5}
8780027c:	f2c0 2309 	movt	r3, #521	; 0x209
87800280:	2505      	movs	r5, #5
87800282:	f241 04b0 	movw	r4, #4272	; 0x10b0
87800286:	2208      	movs	r2, #8
87800288:	f2c0 200e 	movt	r0, #526	; 0x20e
8780028c:	f2c0 210e 	movt	r1, #526	; 0x20e
87800290:	6005      	str	r5, [r0, #0]
87800292:	600c      	str	r4, [r1, #0]
87800294:	605a      	str	r2, [r3, #4]
87800296:	bc30      	pop	{r4, r5}
87800298:	601a      	str	r2, [r3, #0]
8780029a:	4770      	bx	lr

8780029c <LED_ON>:
8780029c:	f44f 4340 	mov.w	r3, #49152	; 0xc000
878002a0:	f2c0 2309 	movt	r3, #521	; 0x209
878002a4:	681a      	ldr	r2, [r3, #0]
878002a6:	f022 0208 	bic.w	r2, r2, #8
878002aa:	601a      	str	r2, [r3, #0]
878002ac:	4770      	bx	lr
878002ae:	bf00      	nop

878002b0 <LED_OFF>:
878002b0:	f44f 4340 	mov.w	r3, #49152	; 0xc000
878002b4:	f2c0 2309 	movt	r3, #521	; 0x209
878002b8:	681a      	ldr	r2, [r3, #0]
878002ba:	f042 0208 	orr.w	r2, r2, #8
878002be:	601a      	str	r2, [r3, #0]
878002c0:	4770      	bx	lr
878002c2:	bf00      	nop

878002c4 <delay_Init>:
878002c4:	f44f 4300 	mov.w	r3, #32768	; 0x8000
878002c8:	2200      	movs	r2, #0
878002ca:	f2c0 2309 	movt	r3, #521	; 0x209
878002ce:	601a      	str	r2, [r3, #0]
878002d0:	4619      	mov	r1, r3
878002d2:	681a      	ldr	r2, [r3, #0]
878002d4:	f442 4200 	orr.w	r2, r2, #32768	; 0x8000
878002d8:	601a      	str	r2, [r3, #0]
878002da:	680a      	ldr	r2, [r1, #0]
878002dc:	f44f 4300 	mov.w	r3, #32768	; 0x8000
878002e0:	f2c0 2309 	movt	r3, #521	; 0x209
878002e4:	0412      	lsls	r2, r2, #16
878002e6:	d4f8      	bmi.n	878002da <delay_Init+0x16>
878002e8:	f04f 32ff 	mov.w	r2, #4294967295	; 0xffffffff
878002ec:	2042      	movs	r0, #66	; 0x42
878002ee:	2141      	movs	r1, #65	; 0x41
878002f0:	6018      	str	r0, [r3, #0]
878002f2:	6059      	str	r1, [r3, #4]
878002f4:	611a      	str	r2, [r3, #16]
878002f6:	681a      	ldr	r2, [r3, #0]
878002f8:	f042 0201 	orr.w	r2, r2, #1
878002fc:	601a      	str	r2, [r3, #0]
878002fe:	4770      	bx	lr

87800300 <delay_us>:
87800300:	f44f 4200 	mov.w	r2, #32768	; 0x8000
87800304:	f2c0 2209 	movt	r2, #521	; 0x209
87800308:	6a51      	ldr	r1, [r2, #36]	; 0x24
8780030a:	6a53      	ldr	r3, [r2, #36]	; 0x24
8780030c:	1a5b      	subs	r3, r3, r1
8780030e:	4283      	cmp	r3, r0
87800310:	d3fb      	bcc.n	8780030a <delay_us+0xa>
87800312:	4770      	bx	lr

87800314 <delay_ms>:
87800314:	b180      	cbz	r0, 87800338 <delay_ms+0x24>
87800316:	f44f 4200 	mov.w	r2, #32768	; 0x8000
8780031a:	b410      	push	{r4}
8780031c:	f2c0 2209 	movt	r2, #521	; 0x209
87800320:	2400      	movs	r4, #0
87800322:	6a51      	ldr	r1, [r2, #36]	; 0x24
87800324:	6a53      	ldr	r3, [r2, #36]	; 0x24
87800326:	1a5b      	subs	r3, r3, r1
87800328:	f5b3 7f7a 	cmp.w	r3, #1000	; 0x3e8
8780032c:	d3fa      	bcc.n	87800324 <delay_ms+0x10>
8780032e:	3401      	adds	r4, #1
87800330:	4284      	cmp	r4, r0
87800332:	d1f6      	bne.n	87800322 <delay_ms+0xe>
87800334:	f85d 4b04 	ldr.w	r4, [sp], #4
87800338:	4770      	bx	lr
8780033a:	bf00      	nop

8780033c <GPT1_Enable>:
8780033c:	f44f 4300 	mov.w	r3, #32768	; 0x8000
87800340:	f2c0 2309 	movt	r3, #521	; 0x209
87800344:	681a      	ldr	r2, [r3, #0]
87800346:	f042 0201 	orr.w	r2, r2, #1
8780034a:	601a      	str	r2, [r3, #0]
8780034c:	4770      	bx	lr
8780034e:	bf00      	nop

87800350 <delay_short>:
87800350:	b082      	sub	sp, #8
87800352:	9001      	str	r0, [sp, #4]
87800354:	9b01      	ldr	r3, [sp, #4]
87800356:	1e5a      	subs	r2, r3, #1
87800358:	9201      	str	r2, [sp, #4]
8780035a:	2b00      	cmp	r3, #0
8780035c:	d1fa      	bne.n	87800354 <delay_short+0x4>
8780035e:	b002      	add	sp, #8
87800360:	4770      	bx	lr
87800362:	bf00      	nop

87800364 <delay>:
87800364:	b082      	sub	sp, #8
87800366:	9001      	str	r0, [sp, #4]
87800368:	9b01      	ldr	r3, [sp, #4]
8780036a:	1e5a      	subs	r2, r3, #1
8780036c:	9201      	str	r2, [sp, #4]
8780036e:	b153      	cbz	r3, 87800386 <delay+0x22>
87800370:	f240 73ff 	movw	r3, #2047	; 0x7ff
87800374:	461a      	mov	r2, r3
87800376:	3b01      	subs	r3, #1
87800378:	2a00      	cmp	r2, #0
8780037a:	d1fb      	bne.n	87800374 <delay+0x10>
8780037c:	9b01      	ldr	r3, [sp, #4]
8780037e:	1e5a      	subs	r2, r3, #1
87800380:	9201      	str	r2, [sp, #4]
87800382:	2b00      	cmp	r3, #0
87800384:	d1f4      	bne.n	87800370 <delay+0xc>
87800386:	b002      	add	sp, #8
87800388:	4770      	bx	lr
8780038a:	bf00      	nop

8780038c <beep_Init>:
8780038c:	210c      	movs	r1, #12
8780038e:	2250      	movs	r2, #80	; 0x50
87800390:	f44f 4340 	mov.w	r3, #49152	; 0xc000
87800394:	b410      	push	{r4}
87800396:	f2c0 230a 	movt	r3, #522	; 0x20a
8780039a:	2405      	movs	r4, #5
8780039c:	f2c0 2229 	movt	r2, #553	; 0x229
878003a0:	f2c0 2129 	movt	r1, #553	; 0x229
878003a4:	f241 00b0 	movw	r0, #4272	; 0x10b0
878003a8:	600c      	str	r4, [r1, #0]
878003aa:	6010      	str	r0, [r2, #0]
878003ac:	685a      	ldr	r2, [r3, #4]
878003ae:	f85d 4b04 	ldr.w	r4, [sp], #4
878003b2:	f042 0202 	orr.w	r2, r2, #2
878003b6:	605a      	str	r2, [r3, #4]
878003b8:	681a      	ldr	r2, [r3, #0]
878003ba:	f042 0202 	orr.w	r2, r2, #2
878003be:	601a      	str	r2, [r3, #0]
878003c0:	4770      	bx	lr
878003c2:	bf00      	nop

878003c4 <beep_switch>:
878003c4:	2801      	cmp	r0, #1
878003c6:	d009      	beq.n	878003dc <beep_switch+0x18>
878003c8:	b938      	cbnz	r0, 878003da <beep_switch+0x16>
878003ca:	f44f 4340 	mov.w	r3, #49152	; 0xc000
878003ce:	f2c0 230a 	movt	r3, #522	; 0x20a
878003d2:	681a      	ldr	r2, [r3, #0]
878003d4:	f042 0202 	orr.w	r2, r2, #2
878003d8:	601a      	str	r2, [r3, #0]
878003da:	4770      	bx	lr
878003dc:	f44f 4340 	mov.w	r3, #49152	; 0xc000
878003e0:	f2c0 230a 	movt	r3, #522	; 0x20a
878003e4:	681a      	ldr	r2, [r3, #0]
878003e6:	f022 0202 	bic.w	r2, r2, #2
878003ea:	601a      	str	r2, [r3, #0]
878003ec:	4770      	bx	lr
878003ee:	bf00      	nop

878003f0 <Key_Init>:
878003f0:	b570      	push	{r4, r5, r6, lr}
878003f2:	218c      	movs	r1, #140	; 0x8c
878003f4:	b084      	sub	sp, #16
878003f6:	f44f 7346 	mov.w	r3, #792	; 0x318
878003fa:	f2c0 230e 	movt	r3, #526	; 0x20e
878003fe:	aa04      	add	r2, sp, #16
87800400:	f2c0 210e 	movt	r1, #526	; 0x20e
87800404:	2605      	movs	r6, #5
87800406:	f24f 0580 	movw	r5, #61568	; 0xf080
8780040a:	2400      	movs	r4, #0
8780040c:	f44f 4040 	mov.w	r0, #49152	; 0xc000
87800410:	600e      	str	r6, [r1, #0]
87800412:	f2c0 2009 	movt	r0, #521	; 0x209
87800416:	601d      	str	r5, [r3, #0]
87800418:	2112      	movs	r1, #18
8780041a:	f842 4d0c 	str.w	r4, [r2, #-12]!
8780041e:	f000 f897 	bl	87800550 <GPIO_Init>
87800422:	b004      	add	sp, #16
87800424:	bd70      	pop	{r4, r5, r6, pc}
87800426:	bf00      	nop

87800428 <Key_GetNum>:
87800428:	f44f 4040 	mov.w	r0, #49152	; 0xc000
8780042c:	b508      	push	{r3, lr}
8780042e:	f2c0 2009 	movt	r0, #521	; 0x209
87800432:	f000 f81d 	bl	87800470 <GPIO_ReadPins>
87800436:	0341      	lsls	r1, r0, #13
87800438:	d501      	bpl.n	8780043e <Key_GetNum+0x16>
8780043a:	2000      	movs	r0, #0
8780043c:	bd08      	pop	{r3, pc}
8780043e:	2014      	movs	r0, #20
87800440:	f7ff ff90 	bl	87800364 <delay>
87800444:	f44f 4040 	mov.w	r0, #49152	; 0xc000
87800448:	f2c0 2009 	movt	r0, #521	; 0x209
8780044c:	f000 f810 	bl	87800470 <GPIO_ReadPins>
87800450:	0342      	lsls	r2, r0, #13
87800452:	d4f2      	bmi.n	8780043a <Key_GetNum+0x12>
87800454:	f44f 4040 	mov.w	r0, #49152	; 0xc000
87800458:	f2c0 2009 	movt	r0, #521	; 0x209
8780045c:	f000 f808 	bl	87800470 <GPIO_ReadPins>
87800460:	0343      	lsls	r3, r0, #13
87800462:	d5f7      	bpl.n	87800454 <Key_GetNum+0x2c>
87800464:	2014      	movs	r0, #20
87800466:	f7ff ff7d 	bl	87800364 <delay>
8780046a:	2001      	movs	r0, #1
8780046c:	bd08      	pop	{r3, pc}
8780046e:	bf00      	nop

87800470 <GPIO_ReadPins>:
87800470:	6800      	ldr	r0, [r0, #0]
87800472:	4770      	bx	lr

87800474 <GPIO_ReadPin>:
87800474:	6802      	ldr	r2, [r0, #0]
87800476:	2301      	movs	r3, #1
87800478:	408b      	lsls	r3, r1
8780047a:	4213      	tst	r3, r2
8780047c:	bf14      	ite	ne
8780047e:	2001      	movne	r0, #1
87800480:	2000      	moveq	r0, #0
87800482:	4770      	bx	lr

87800484 <GPIO_WritePin>:
87800484:	2a01      	cmp	r2, #1
87800486:	d007      	beq.n	87800498 <GPIO_WritePin+0x14>
87800488:	b92a      	cbnz	r2, 87800496 <GPIO_WritePin+0x12>
8780048a:	6802      	ldr	r2, [r0, #0]
8780048c:	2301      	movs	r3, #1
8780048e:	408b      	lsls	r3, r1
87800490:	ea22 0303 	bic.w	r3, r2, r3
87800494:	6003      	str	r3, [r0, #0]
87800496:	4770      	bx	lr
87800498:	6803      	ldr	r3, [r0, #0]
8780049a:	408a      	lsls	r2, r1
8780049c:	431a      	orrs	r2, r3
8780049e:	6002      	str	r2, [r0, #0]
878004a0:	4770      	bx	lr
878004a2:	bf00      	nop

878004a4 <GPIO_Interrupt_Enable>:
878004a4:	6943      	ldr	r3, [r0, #20]
878004a6:	2201      	movs	r2, #1
878004a8:	408a      	lsls	r2, r1
878004aa:	4313      	orrs	r3, r2
878004ac:	6143      	str	r3, [r0, #20]
878004ae:	4770      	bx	lr

878004b0 <GPIO_Interrupt_Disable>:
878004b0:	6943      	ldr	r3, [r0, #20]
878004b2:	2201      	movs	r2, #1
878004b4:	408a      	lsls	r2, r1
878004b6:	ea23 0302 	bic.w	r3, r3, r2
878004ba:	6143      	str	r3, [r0, #20]
878004bc:	4770      	bx	lr
878004be:	bf00      	nop

878004c0 <GPIO_Clear_InterruptFlag>:
878004c0:	6983      	ldr	r3, [r0, #24]
878004c2:	2201      	movs	r2, #1
878004c4:	408a      	lsls	r2, r1
878004c6:	4313      	orrs	r3, r2
878004c8:	6183      	str	r3, [r0, #24]
878004ca:	4770      	bx	lr

878004cc <GPIO_Interrupt_Init>:
878004cc:	b510      	push	{r4, lr}
878004ce:	2301      	movs	r3, #1
878004d0:	69c4      	ldr	r4, [r0, #28]
878004d2:	408b      	lsls	r3, r1
878004d4:	290f      	cmp	r1, #15
878004d6:	f102 32ff 	add.w	r2, r2, #4294967295	; 0xffffffff
878004da:	bf88      	it	hi
878004dc:	3910      	subhi	r1, #16
878004de:	ea24 0403 	bic.w	r4, r4, r3
878004e2:	61c4      	str	r4, [r0, #28]
878004e4:	bf94      	ite	ls
878004e6:	f100 040c 	addls.w	r4, r0, #12
878004ea:	f100 0410 	addhi.w	r4, r0, #16
878004ee:	2a04      	cmp	r2, #4
878004f0:	d807      	bhi.n	87800502 <GPIO_Interrupt_Init+0x36>
878004f2:	e8df f002 	tbb	[pc, r2]
878004f6:	211c0f07 	tstcs	ip, r7, lsl #30
878004fa:	69c20003 	stmibvs	r2, {r0, r1}^
878004fe:	4313      	orrs	r3, r2
87800500:	61c3      	str	r3, [r0, #28]
87800502:	bd10      	pop	{r4, pc}
87800504:	0049      	lsls	r1, r1, #1
87800506:	6822      	ldr	r2, [r4, #0]
87800508:	2303      	movs	r3, #3
8780050a:	408b      	lsls	r3, r1
8780050c:	ea22 0303 	bic.w	r3, r2, r3
87800510:	6023      	str	r3, [r4, #0]
87800512:	bd10      	pop	{r4, pc}
87800514:	6820      	ldr	r0, [r4, #0]
87800516:	0049      	lsls	r1, r1, #1
87800518:	2203      	movs	r2, #3
8780051a:	2301      	movs	r3, #1
8780051c:	408a      	lsls	r2, r1
8780051e:	408b      	lsls	r3, r1
87800520:	ea20 0202 	bic.w	r2, r0, r2
87800524:	6022      	str	r2, [r4, #0]
87800526:	6822      	ldr	r2, [r4, #0]
87800528:	4313      	orrs	r3, r2
8780052a:	6023      	str	r3, [r4, #0]
8780052c:	bd10      	pop	{r4, pc}
8780052e:	0049      	lsls	r1, r1, #1
87800530:	2203      	movs	r2, #3
87800532:	6820      	ldr	r0, [r4, #0]
87800534:	2302      	movs	r3, #2
87800536:	e7f1      	b.n	8780051c <GPIO_Interrupt_Init+0x50>
87800538:	0049      	lsls	r1, r1, #1
8780053a:	6822      	ldr	r2, [r4, #0]
8780053c:	2303      	movs	r3, #3
8780053e:	408b      	lsls	r3, r1
87800540:	ea22 0203 	bic.w	r2, r2, r3
87800544:	6022      	str	r2, [r4, #0]
87800546:	6822      	ldr	r2, [r4, #0]
87800548:	4313      	orrs	r3, r2
8780054a:	6023      	str	r3, [r4, #0]
8780054c:	bd10      	pop	{r4, pc}
8780054e:	bf00      	nop

87800550 <GPIO_Init>:
87800550:	6813      	ldr	r3, [r2, #0]
87800552:	b570      	push	{r4, r5, r6, lr}
87800554:	4615      	mov	r5, r2
87800556:	4604      	mov	r4, r0
87800558:	460e      	mov	r6, r1
8780055a:	b963      	cbnz	r3, 87800576 <GPIO_Init+0x26>
8780055c:	6842      	ldr	r2, [r0, #4]
8780055e:	2301      	movs	r3, #1
87800560:	408b      	lsls	r3, r1
87800562:	4631      	mov	r1, r6
87800564:	ea22 0303 	bic.w	r3, r2, r3
87800568:	68aa      	ldr	r2, [r5, #8]
8780056a:	6043      	str	r3, [r0, #4]
8780056c:	4620      	mov	r0, r4
8780056e:	e8bd 4070 	ldmia.w	sp!, {r4, r5, r6, lr}
87800572:	f7ff bfab 	b.w	878004cc <GPIO_Interrupt_Init>
87800576:	6842      	ldr	r2, [r0, #4]
87800578:	2301      	movs	r3, #1
8780057a:	408b      	lsls	r3, r1
8780057c:	4313      	orrs	r3, r2
8780057e:	6043      	str	r3, [r0, #4]
87800580:	792a      	ldrb	r2, [r5, #4]
87800582:	f7ff ff7f 	bl	87800484 <GPIO_WritePin>
87800586:	68aa      	ldr	r2, [r5, #8]
87800588:	4631      	mov	r1, r6
8780058a:	4620      	mov	r0, r4
8780058c:	e8bd 4070 	ldmia.w	sp!, {r4, r5, r6, lr}
87800590:	f7ff bf9c 	b.w	878004cc <GPIO_Interrupt_Init>

87800594 <Exti_Init>:
87800594:	228c      	movs	r2, #140	; 0x8c
87800596:	f44f 7346 	mov.w	r3, #792	; 0x318
8780059a:	b530      	push	{r4, r5, lr}
8780059c:	f2c0 220e 	movt	r2, #526	; 0x20e
878005a0:	2005      	movs	r0, #5
878005a2:	f2c0 230e 	movt	r3, #526	; 0x20e
878005a6:	f24f 0180 	movw	r1, #61568	; 0xf080
878005aa:	f44f 4440 	mov.w	r4, #49152	; 0xc000
878005ae:	6010      	str	r0, [r2, #0]
878005b0:	b085      	sub	sp, #20
878005b2:	6019      	str	r1, [r3, #0]
878005b4:	f2c0 2409 	movt	r4, #521	; 0x209
878005b8:	2304      	movs	r3, #4
878005ba:	4620      	mov	r0, r4
878005bc:	2500      	movs	r5, #0
878005be:	eb0d 0203 	add.w	r2, sp, r3
878005c2:	2112      	movs	r1, #18
878005c4:	9501      	str	r5, [sp, #4]
878005c6:	9303      	str	r3, [sp, #12]
878005c8:	f7ff ffc2 	bl	87800550 <GPIO_Init>
878005cc:	ee9f 3f10 	mrc	15, 4, r3, cr15, cr0, {0}
878005d0:	0c1b      	lsrs	r3, r3, #16
878005d2:	f241 120c 	movw	r2, #4364	; 0x110c
878005d6:	2508      	movs	r5, #8
878005d8:	041b      	lsls	r3, r3, #16
878005da:	4620      	mov	r0, r4
878005dc:	2112      	movs	r1, #18
878005de:	509d      	str	r5, [r3, r2]
878005e0:	f7ff ff60 	bl	878004a4 <GPIO_Interrupt_Enable>
878005e4:	b005      	add	sp, #20
878005e6:	bd30      	pop	{r4, r5, pc}

878005e8 <default_irqhandler>:
878005e8:	e7fe      	b.n	878005e8 <default_irqhandler>
878005ea:	bf00      	nop

878005ec <system_irqtable_init>:
878005ec:	b430      	push	{r4, r5}
878005ee:	f642 4574 	movw	r5, #11380	; 0x2c74
878005f2:	f2c8 7580 	movt	r5, #34688	; 0x8780
878005f6:	f240 52e9 	movw	r2, #1513	; 0x5e9
878005fa:	f2c8 7280 	movt	r2, #34688	; 0x8780
878005fe:	462b      	mov	r3, r5
87800600:	f505 64a0 	add.w	r4, r5, #1280	; 0x500
87800604:	2000      	movs	r0, #0
87800606:	601a      	str	r2, [r3, #0]
87800608:	3308      	adds	r3, #8
8780060a:	f843 0c04 	str.w	r0, [r3, #-4]
8780060e:	42a3      	cmp	r3, r4
87800610:	f04f 0100 	mov.w	r1, #0
87800614:	d1f7      	bne.n	87800606 <system_irqtable_init+0x1a>
87800616:	f8c5 1500 	str.w	r1, [r5, #1280]	; 0x500
8780061a:	bc30      	pop	{r4, r5}
8780061c:	4770      	bx	lr
8780061e:	bf00      	nop

87800620 <system_register_irqhandler>:
87800620:	f642 4374 	movw	r3, #11380	; 0x2c74
87800624:	b410      	push	{r4}
87800626:	f2c8 7380 	movt	r3, #34688	; 0x8780
8780062a:	eb03 04c0 	add.w	r4, r3, r0, lsl #3
8780062e:	f843 1030 	str.w	r1, [r3, r0, lsl #3]
87800632:	6062      	str	r2, [r4, #4]
87800634:	f85d 4b04 	ldr.w	r4, [sp], #4
87800638:	4770      	bx	lr
8780063a:	bf00      	nop

8780063c <Int_Init>:
8780063c:	b5f0      	push	{r4, r5, r6, r7, lr}
8780063e:	ee9f 1f10 	mrc	15, 4, r1, cr15, cr0, {0}
87800642:	0c09      	lsrs	r1, r1, #16
87800644:	f241 0204 	movw	r2, #4100	; 0x1004
87800648:	2300      	movs	r3, #0
8780064a:	0409      	lsls	r1, r1, #16
8780064c:	f04f 34ff 	mov.w	r4, #4294967295	; 0xffffffff
87800650:	5888      	ldr	r0, [r1, r2]
87800652:	f000 001f 	and.w	r0, r0, #31
87800656:	3001      	adds	r0, #1
87800658:	f503 628c 	add.w	r2, r3, #1120	; 0x460
8780065c:	3301      	adds	r3, #1
8780065e:	4298      	cmp	r0, r3
87800660:	f841 4022 	str.w	r4, [r1, r2, lsl #2]
87800664:	d1f8      	bne.n	87800658 <Int_Init+0x1c>
87800666:	f642 4574 	movw	r5, #11380	; 0x2c74
8780066a:	f242 0704 	movw	r7, #8196	; 0x2004
8780066e:	f2c8 7580 	movt	r5, #34688	; 0x8780
87800672:	f240 52e9 	movw	r2, #1513	; 0x5e9
87800676:	f04f 0ef8 	mov.w	lr, #248	; 0xf8
8780067a:	f242 0608 	movw	r6, #8200	; 0x2008
8780067e:	f841 e007 	str.w	lr, [r1, r7]
87800682:	f2c8 7280 	movt	r2, #34688	; 0x8780
87800686:	2702      	movs	r7, #2
87800688:	462b      	mov	r3, r5
8780068a:	f505 64a0 	add.w	r4, r5, #1280	; 0x500
8780068e:	2000      	movs	r0, #0
87800690:	518f      	str	r7, [r1, r6]
87800692:	f501 5780 	add.w	r7, r1, #4096	; 0x1000
87800696:	2601      	movs	r6, #1
87800698:	f501 5100 	add.w	r1, r1, #8192	; 0x2000
8780069c:	603e      	str	r6, [r7, #0]
8780069e:	600e      	str	r6, [r1, #0]
878006a0:	601a      	str	r2, [r3, #0]
878006a2:	3308      	adds	r3, #8
878006a4:	f843 0c04 	str.w	r0, [r3, #-4]
878006a8:	42a3      	cmp	r3, r4
878006aa:	f04f 0100 	mov.w	r1, #0
878006ae:	d1f7      	bne.n	878006a0 <Int_Init+0x64>
878006b0:	460b      	mov	r3, r1
878006b2:	f8c5 1500 	str.w	r1, [r5, #1280]	; 0x500
878006b6:	f2c8 7380 	movt	r3, #34688	; 0x8780
878006ba:	ee0c 3f10 	mcr	15, 0, r3, cr12, cr0, {0}
878006be:	bdf0      	pop	{r4, r5, r6, r7, pc}

878006c0 <system_irqhandler>:
878006c0:	f3c0 0309 	ubfx	r3, r0, #0, #10
878006c4:	2b9f      	cmp	r3, #159	; 0x9f
878006c6:	d900      	bls.n	878006ca <system_irqhandler+0xa>
878006c8:	4770      	bx	lr
878006ca:	b510      	push	{r4, lr}
878006cc:	f642 4474 	movw	r4, #11380	; 0x2c74
878006d0:	f2c8 7480 	movt	r4, #34688	; 0x8780
878006d4:	4618      	mov	r0, r3
878006d6:	eb04 01c3 	add.w	r1, r4, r3, lsl #3
878006da:	f8d4 2500 	ldr.w	r2, [r4, #1280]	; 0x500
878006de:	f854 3033 	ldr.w	r3, [r4, r3, lsl #3]
878006e2:	6849      	ldr	r1, [r1, #4]
878006e4:	3201      	adds	r2, #1
878006e6:	f8c4 2500 	str.w	r2, [r4, #1280]	; 0x500
878006ea:	4798      	blx	r3
878006ec:	f8d4 3500 	ldr.w	r3, [r4, #1280]	; 0x500
878006f0:	3b01      	subs	r3, #1
878006f2:	f8c4 3500 	str.w	r3, [r4, #1280]	; 0x500
878006f6:	bd10      	pop	{r4, pc}

878006f8 <EPIT1_Init>:
878006f8:	8883      	ldrh	r3, [r0, #4]
878006fa:	b4f0      	push	{r4, r5, r6, r7}
878006fc:	2600      	movs	r6, #0
878006fe:	4632      	mov	r2, r6
87800700:	f2c0 260d 	movt	r6, #525	; 0x20d
87800704:	f5b3 5f80 	cmp.w	r3, #4096	; 0x1000
87800708:	bf29      	itett	cs
8780070a:	f640 73ff 	movwcs	r3, #4095	; 0xfff
8780070e:	011d      	lslcc	r5, r3, #4
87800710:	8083      	strhcs	r3, [r0, #4]
87800712:	f64f 75f0 	movwcs	r5, #65520	; 0xfff0
87800716:	6032      	str	r2, [r6, #0]
87800718:	7804      	ldrb	r4, [r0, #0]
8780071a:	7841      	ldrb	r1, [r0, #1]
8780071c:	7883      	ldrb	r3, [r0, #2]
8780071e:	7b07      	ldrb	r7, [r0, #12]
87800720:	0064      	lsls	r4, r4, #1
87800722:	ea44 0181 	orr.w	r1, r4, r1, lsl #2
87800726:	ea41 01c3 	orr.w	r1, r1, r3, lsl #3
8780072a:	ea41 6307 	orr.w	r3, r1, r7, lsl #24
8780072e:	432b      	orrs	r3, r5
87800730:	6033      	str	r3, [r6, #0]
87800732:	6883      	ldr	r3, [r0, #8]
87800734:	60b3      	str	r3, [r6, #8]
87800736:	6903      	ldr	r3, [r0, #16]
87800738:	60f3      	str	r3, [r6, #12]
8780073a:	ee9f 3f10 	mrc	15, 4, r3, cr15, cr0, {0}
8780073e:	0c1b      	lsrs	r3, r3, #16
87800740:	f241 1008 	movw	r0, #4360	; 0x1108
87800744:	f04f 7480 	mov.w	r4, #16777216	; 0x1000000
87800748:	041b      	lsls	r3, r3, #16
8780074a:	f240 71ed 	movw	r1, #2029	; 0x7ed
8780074e:	f2c8 7180 	movt	r1, #34688	; 0x8780
87800752:	501c      	str	r4, [r3, r0]
87800754:	2058      	movs	r0, #88	; 0x58
87800756:	bcf0      	pop	{r4, r5, r6, r7}
87800758:	f7ff bf62 	b.w	87800620 <system_register_irqhandler>

8780075c <EPIT1_Enable>:
8780075c:	2300      	movs	r3, #0
8780075e:	f2c0 230d 	movt	r3, #525	; 0x20d
87800762:	681a      	ldr	r2, [r3, #0]
87800764:	f042 0201 	orr.w	r2, r2, #1
87800768:	601a      	str	r2, [r3, #0]
8780076a:	4770      	bx	lr

8780076c <EPIT1_Disable>:
8780076c:	2300      	movs	r3, #0
8780076e:	f2c0 230d 	movt	r3, #525	; 0x20d
87800772:	681a      	ldr	r2, [r3, #0]
87800774:	f022 0201 	bic.w	r2, r2, #1
87800778:	601a      	str	r2, [r3, #0]
8780077a:	4770      	bx	lr

8780077c <GPIO1_16_31_IRQHandler>:
8780077c:	b508      	push	{r3, lr}
8780077e:	f44f 4340 	mov.w	r3, #49152	; 0xc000
87800782:	f2c0 2309 	movt	r3, #521	; 0x209
87800786:	699b      	ldr	r3, [r3, #24]
87800788:	035b      	lsls	r3, r3, #13
8780078a:	d50b      	bpl.n	878007a4 <GPIO1_16_31_IRQHandler+0x28>
8780078c:	f7ff ffee 	bl	8780076c <EPIT1_Disable>
87800790:	2300      	movs	r3, #0
87800792:	f44f 5291 	mov.w	r2, #4640	; 0x1220
87800796:	f2c0 230d 	movt	r3, #525	; 0x20d
8780079a:	f2c0 020a 	movt	r2, #10
8780079e:	609a      	str	r2, [r3, #8]
878007a0:	f7ff ffdc 	bl	8780075c <EPIT1_Enable>
878007a4:	f44f 4040 	mov.w	r0, #49152	; 0xc000
878007a8:	2112      	movs	r1, #18
878007aa:	f2c0 2009 	movt	r0, #521	; 0x209
878007ae:	e8bd 4008 	ldmia.w	sp!, {r3, lr}
878007b2:	f7ff be85 	b.w	878004c0 <GPIO_Clear_InterruptFlag>
878007b6:	bf00      	nop

878007b8 <Keyfilter_Epit_Init>:
878007b8:	b500      	push	{lr}
878007ba:	f44f 5191 	mov.w	r1, #4640	; 0x1220
878007be:	b087      	sub	sp, #28
878007c0:	2301      	movs	r3, #1
878007c2:	2200      	movs	r2, #0
878007c4:	f2c0 010a 	movt	r1, #10
878007c8:	a801      	add	r0, sp, #4
878007ca:	9103      	str	r1, [sp, #12]
878007cc:	f88d 3010 	strb.w	r3, [sp, #16]
878007d0:	f88d 3005 	strb.w	r3, [sp, #5]
878007d4:	f88d 3004 	strb.w	r3, [sp, #4]
878007d8:	f88d 3006 	strb.w	r3, [sp, #6]
878007dc:	f8ad 2008 	strh.w	r2, [sp, #8]
878007e0:	9205      	str	r2, [sp, #20]
878007e2:	f7ff ff89 	bl	878006f8 <EPIT1_Init>
878007e6:	b007      	add	sp, #28
878007e8:	f85d fb04 	ldr.w	pc, [sp], #4

878007ec <EPIT1_irqhandler>:
878007ec:	b508      	push	{r3, lr}
878007ee:	2300      	movs	r3, #0
878007f0:	f2c0 230d 	movt	r3, #525	; 0x20d
878007f4:	685b      	ldr	r3, [r3, #4]
878007f6:	07db      	lsls	r3, r3, #31
878007f8:	d407      	bmi.n	8780080a <EPIT1_irqhandler+0x1e>
878007fa:	2300      	movs	r3, #0
878007fc:	f2c0 230d 	movt	r3, #525	; 0x20d
87800800:	685a      	ldr	r2, [r3, #4]
87800802:	f042 0201 	orr.w	r2, r2, #1
87800806:	605a      	str	r2, [r3, #4]
87800808:	bd08      	pop	{r3, pc}
8780080a:	f7ff ffaf 	bl	8780076c <EPIT1_Disable>
8780080e:	f44f 4040 	mov.w	r0, #49152	; 0xc000
87800812:	2112      	movs	r1, #18
87800814:	f2c0 2009 	movt	r0, #521	; 0x209
87800818:	f7ff fe2c 	bl	87800474 <GPIO_ReadPin>
8780081c:	2800      	cmp	r0, #0
8780081e:	d1ec      	bne.n	878007fa <EPIT1_irqhandler+0xe>
87800820:	f243 1278 	movw	r2, #12664	; 0x3178
87800824:	f2c8 7280 	movt	r2, #34688	; 0x8780
87800828:	7813      	ldrb	r3, [r2, #0]
8780082a:	fab3 f383 	clz	r3, r3
8780082e:	095b      	lsrs	r3, r3, #5
87800830:	4618      	mov	r0, r3
87800832:	7013      	strb	r3, [r2, #0]
87800834:	f7ff fdc6 	bl	878003c4 <beep_switch>
87800838:	e7df      	b.n	878007fa <EPIT1_irqhandler+0xe>
8780083a:	bf00      	nop

8780083c <Keyfilter_Epit_Reset>:
8780083c:	b510      	push	{r4, lr}
8780083e:	4604      	mov	r4, r0
87800840:	f7ff ff94 	bl	8780076c <EPIT1_Disable>
87800844:	2300      	movs	r3, #0
87800846:	f2c0 230d 	movt	r3, #525	; 0x20d
8780084a:	609c      	str	r4, [r3, #8]
8780084c:	e8bd 4010 	ldmia.w	sp!, {r4, lr}
87800850:	f7ff bf84 	b.w	8780075c <EPIT1_Enable>

87800854 <Keyfilter_Init>:
87800854:	228c      	movs	r2, #140	; 0x8c
87800856:	f44f 7346 	mov.w	r3, #792	; 0x318
8780085a:	b570      	push	{r4, r5, r6, lr}
8780085c:	f2c0 220e 	movt	r2, #526	; 0x20e
87800860:	2005      	movs	r0, #5
87800862:	f2c0 230e 	movt	r3, #526	; 0x20e
87800866:	f24f 0180 	movw	r1, #61568	; 0xf080
8780086a:	f44f 4440 	mov.w	r4, #49152	; 0xc000
8780086e:	6010      	str	r0, [r2, #0]
87800870:	b084      	sub	sp, #16
87800872:	6019      	str	r1, [r3, #0]
87800874:	f2c0 2409 	movt	r4, #521	; 0x209
87800878:	2304      	movs	r3, #4
8780087a:	4620      	mov	r0, r4
8780087c:	2500      	movs	r5, #0
8780087e:	eb0d 0203 	add.w	r2, sp, r3
87800882:	2112      	movs	r1, #18
87800884:	9501      	str	r5, [sp, #4]
87800886:	9303      	str	r3, [sp, #12]
87800888:	f7ff fe62 	bl	87800550 <GPIO_Init>
8780088c:	ee9f 3f10 	mrc	15, 4, r3, cr15, cr0, {0}
87800890:	0c1b      	lsrs	r3, r3, #16
87800892:	f241 100c 	movw	r0, #4364	; 0x110c
87800896:	2608      	movs	r6, #8
87800898:	041b      	lsls	r3, r3, #16
8780089a:	f240 717d 	movw	r1, #1917	; 0x77d
8780089e:	462a      	mov	r2, r5
878008a0:	501e      	str	r6, [r3, r0]
878008a2:	f2c8 7180 	movt	r1, #34688	; 0x8780
878008a6:	2063      	movs	r0, #99	; 0x63
878008a8:	f7ff feba 	bl	87800620 <system_register_irqhandler>
878008ac:	4620      	mov	r0, r4
878008ae:	2112      	movs	r1, #18
878008b0:	f7ff fdf8 	bl	878004a4 <GPIO_Interrupt_Enable>
878008b4:	b004      	add	sp, #16
878008b6:	bd70      	pop	{r4, r5, r6, pc}

878008b8 <uart_setbaudrate>:
878008b8:	e92d 4ff0 	stmdb	sp!, {r4, r5, r6, r7, r8, r9, sl, fp, lr}
878008bc:	010d      	lsls	r5, r1, #4
878008be:	b085      	sub	sp, #20
878008c0:	460f      	mov	r7, r1
878008c2:	4682      	mov	sl, r0
878008c4:	4691      	mov	r9, r2
878008c6:	f000 80f1 	beq.w	87800aac <uart_setbaudrate+0x1f4>
878008ca:	462c      	mov	r4, r5
878008cc:	4610      	mov	r0, r2
878008ce:	e000      	b.n	878008d2 <uart_setbaudrate+0x1a>
878008d0:	460c      	mov	r4, r1
878008d2:	4621      	mov	r1, r4
878008d4:	f002 f856 	bl	87802984 <__aeabi_uidivmod>
878008d8:	4620      	mov	r0, r4
878008da:	2900      	cmp	r1, #0
878008dc:	d1f8      	bne.n	878008d0 <uart_setbaudrate+0x18>
878008de:	4621      	mov	r1, r4
878008e0:	4648      	mov	r0, r9
878008e2:	f001 ff21 	bl	87802728 <__aeabi_uidiv>
878008e6:	4621      	mov	r1, r4
878008e8:	4606      	mov	r6, r0
878008ea:	4628      	mov	r0, r5
878008ec:	f001 ff1c 	bl	87802728 <__aeabi_uidiv>
878008f0:	f64f 73f9 	movw	r3, #65529	; 0xfff9
878008f4:	4605      	mov	r5, r0
878008f6:	f2c0 0306 	movt	r3, #6
878008fa:	429e      	cmp	r6, r3
878008fc:	bf98      	it	ls
878008fe:	f5b0 3f80 	cmpls.w	r0, #65536	; 0x10000
87800902:	bf2c      	ite	cs
87800904:	2301      	movcs	r3, #1
87800906:	2300      	movcc	r3, #0
87800908:	d277      	bcs.n	878009fa <uart_setbaudrate+0x142>
8780090a:	f248 0101 	movw	r1, #32769	; 0x8001
8780090e:	1e72      	subs	r2, r6, #1
87800910:	f2c8 0100 	movt	r1, #32768	; 0x8000
87800914:	9301      	str	r3, [sp, #4]
87800916:	fba2 2301 	umull	r2, r3, r2, r1
8780091a:	ea4f 1b06 	mov.w	fp, r6, lsl #4
8780091e:	4680      	mov	r8, r0
87800920:	0bda      	lsrs	r2, r3, #15
87800922:	1e53      	subs	r3, r2, #1
87800924:	3201      	adds	r2, #1
87800926:	9203      	str	r2, [sp, #12]
87800928:	2b05      	cmp	r3, #5
8780092a:	4648      	mov	r0, r9
8780092c:	bf96      	itet	ls
8780092e:	f642 322c 	movwls	r2, #11052	; 0x2b2c
87800932:	2305      	movhi	r3, #5
87800934:	f2c8 7280 	movtls	r2, #34688	; 0x8780
87800938:	f04f 0100 	mov.w	r1, #0
8780093c:	bf98      	it	ls
8780093e:	f852 3023 	ldrls.w	r3, [r2, r3, lsl #2]
87800942:	9302      	str	r3, [sp, #8]
87800944:	f1bb 0f00 	cmp.w	fp, #0
87800948:	f000 80ae 	beq.w	87800aa8 <uart_setbaudrate+0x1f0>
8780094c:	465c      	mov	r4, fp
8780094e:	e000      	b.n	87800952 <uart_setbaudrate+0x9a>
87800950:	4614      	mov	r4, r2
87800952:	4622      	mov	r2, r4
87800954:	2300      	movs	r3, #0
87800956:	f002 f823 	bl	878029a0 <__aeabi_uldivmod>
8780095a:	4620      	mov	r0, r4
8780095c:	2100      	movs	r1, #0
8780095e:	2a00      	cmp	r2, #0
87800960:	d1f6      	bne.n	87800950 <uart_setbaudrate+0x98>
87800962:	4648      	mov	r0, r9
87800964:	4621      	mov	r1, r4
87800966:	f001 fedf 	bl	87802728 <__aeabi_uidiv>
8780096a:	4603      	mov	r3, r0
8780096c:	9a01      	ldr	r2, [sp, #4]
8780096e:	fba3 8908 	umull	r8, r9, r3, r8
87800972:	4621      	mov	r1, r4
87800974:	4658      	mov	r0, fp
87800976:	fb03 9902 	mla	r9, r3, r2, r9
8780097a:	f001 fed5 	bl	87802728 <__aeabi_uidiv>
8780097e:	2300      	movs	r3, #0
87800980:	4602      	mov	r2, r0
87800982:	4649      	mov	r1, r9
87800984:	4640      	mov	r0, r8
87800986:	f002 f80b 	bl	878029a0 <__aeabi_uldivmod>
8780098a:	2300      	movs	r3, #0
8780098c:	4299      	cmp	r1, r3
8780098e:	bf08      	it	eq
87800990:	42b8      	cmpeq	r0, r7
87800992:	d32e      	bcc.n	878009f2 <uart_setbaudrate+0x13a>
87800994:	1bc0      	subs	r0, r0, r7
87800996:	eb61 0103 	sbc.w	r1, r1, r3
8780099a:	f248 521f 	movw	r2, #34079	; 0x851f
8780099e:	f2c5 12eb 	movt	r2, #20971	; 0x51eb
878009a2:	fba7 2302 	umull	r2, r3, r7, r2
878009a6:	095a      	lsrs	r2, r3, #5
878009a8:	2300      	movs	r3, #0
878009aa:	4299      	cmp	r1, r3
878009ac:	eb02 0242 	add.w	r2, r2, r2, lsl #1
878009b0:	bf08      	it	eq
878009b2:	4290      	cmpeq	r0, r2
878009b4:	d21a      	bcs.n	878009ec <uart_setbaudrate+0x134>
878009b6:	9b02      	ldr	r3, [sp, #8]
878009b8:	3d01      	subs	r5, #1
878009ba:	f8da 1090 	ldr.w	r1, [sl, #144]	; 0x90
878009be:	b2ad      	uxth	r5, r5
878009c0:	4630      	mov	r0, r6
878009c2:	01db      	lsls	r3, r3, #7
878009c4:	f403 7260 	and.w	r2, r3, #896	; 0x380
878009c8:	f421 7360 	bic.w	r3, r1, #896	; 0x380
878009cc:	f8ca 3090 	str.w	r3, [sl, #144]	; 0x90
878009d0:	f8da 3090 	ldr.w	r3, [sl, #144]	; 0x90
878009d4:	9903      	ldr	r1, [sp, #12]
878009d6:	4313      	orrs	r3, r2
878009d8:	f8ca 3090 	str.w	r3, [sl, #144]	; 0x90
878009dc:	f8ca 50a4 	str.w	r5, [sl, #164]	; 0xa4
878009e0:	f001 fea2 	bl	87802728 <__aeabi_uidiv>
878009e4:	3801      	subs	r0, #1
878009e6:	b280      	uxth	r0, r0
878009e8:	f8ca 00a8 	str.w	r0, [sl, #168]	; 0xa8
878009ec:	b005      	add	sp, #20
878009ee:	e8bd 8ff0 	ldmia.w	sp!, {r4, r5, r6, r7, r8, r9, sl, fp, pc}
878009f2:	1a38      	subs	r0, r7, r0
878009f4:	eb63 0101 	sbc.w	r1, r3, r1
878009f8:	e7cf      	b.n	8780099a <uart_setbaudrate+0xe2>
878009fa:	f646 52b9 	movw	r2, #28089	; 0x6db9
878009fe:	1e71      	subs	r1, r6, #1
87800a00:	f2c2 4293 	movt	r2, #9363	; 0x2493
87800a04:	f248 0401 	movw	r4, #32769	; 0x8001
87800a08:	fba1 2302 	umull	r2, r3, r1, r2
87800a0c:	f100 3bff 	add.w	fp, r0, #4294967295	; 0xffffffff
87800a10:	f2c8 0400 	movt	r4, #32768	; 0x8000
87800a14:	4630      	mov	r0, r6
87800a16:	fbab bc04 	umull	fp, ip, fp, r4
87800a1a:	1ac9      	subs	r1, r1, r3
87800a1c:	eb03 0351 	add.w	r3, r3, r1, lsr #1
87800a20:	ea4f 38dc 	mov.w	r8, ip, lsr #15
87800a24:	0c9b      	lsrs	r3, r3, #18
87800a26:	f108 0801 	add.w	r8, r8, #1
87800a2a:	3301      	adds	r3, #1
87800a2c:	4598      	cmp	r8, r3
87800a2e:	bf38      	it	cc
87800a30:	4698      	movcc	r8, r3
87800a32:	4641      	mov	r1, r8
87800a34:	f001 fe78 	bl	87802728 <__aeabi_uidiv>
87800a38:	4606      	mov	r6, r0
87800a3a:	4641      	mov	r1, r8
87800a3c:	4628      	mov	r0, r5
87800a3e:	f001 fe73 	bl	87802728 <__aeabi_uidiv>
87800a42:	4605      	mov	r5, r0
87800a44:	b976      	cbnz	r6, 87800a64 <uart_setbaudrate+0x1ac>
87800a46:	bb40      	cbnz	r0, 87800a9a <uart_setbaudrate+0x1e2>
87800a48:	f04f 0801 	mov.w	r8, #1
87800a4c:	2305      	movs	r3, #5
87800a4e:	4601      	mov	r1, r0
87800a50:	9001      	str	r0, [sp, #4]
87800a52:	4646      	mov	r6, r8
87800a54:	f8cd 800c 	str.w	r8, [sp, #12]
87800a58:	4645      	mov	r5, r8
87800a5a:	4648      	mov	r0, r9
87800a5c:	f04f 0b10 	mov.w	fp, #16
87800a60:	9302      	str	r3, [sp, #8]
87800a62:	e773      	b.n	8780094c <uart_setbaudrate+0x94>
87800a64:	1e72      	subs	r2, r6, #1
87800a66:	b158      	cbz	r0, 87800a80 <uart_setbaudrate+0x1c8>
87800a68:	fba2 2304 	umull	r2, r3, r2, r4
87800a6c:	ea4f 1b06 	mov.w	fp, r6, lsl #4
87800a70:	0bda      	lsrs	r2, r3, #15
87800a72:	1e53      	subs	r3, r2, #1
87800a74:	3201      	adds	r2, #1
87800a76:	9203      	str	r2, [sp, #12]
87800a78:	2200      	movs	r2, #0
87800a7a:	46a8      	mov	r8, r5
87800a7c:	9201      	str	r2, [sp, #4]
87800a7e:	e753      	b.n	87800928 <uart_setbaudrate+0x70>
87800a80:	fba2 2304 	umull	r2, r3, r2, r4
87800a84:	f04f 0801 	mov.w	r8, #1
87800a88:	9001      	str	r0, [sp, #4]
87800a8a:	ea4f 1b06 	mov.w	fp, r6, lsl #4
87800a8e:	4645      	mov	r5, r8
87800a90:	0bda      	lsrs	r2, r3, #15
87800a92:	1e53      	subs	r3, r2, #1
87800a94:	4442      	add	r2, r8
87800a96:	9203      	str	r2, [sp, #12]
87800a98:	e746      	b.n	87800928 <uart_setbaudrate+0x70>
87800a9a:	2201      	movs	r2, #1
87800a9c:	f04f 0b10 	mov.w	fp, #16
87800aa0:	4616      	mov	r6, r2
87800aa2:	f04f 33ff 	mov.w	r3, #4294967295	; 0xffffffff
87800aa6:	e7e6      	b.n	87800a76 <uart_setbaudrate+0x1be>
87800aa8:	2401      	movs	r4, #1
87800aaa:	e75a      	b.n	87800962 <uart_setbaudrate+0xaa>
87800aac:	2401      	movs	r4, #1
87800aae:	e716      	b.n	878008de <uart_setbaudrate+0x26>

87800ab0 <UART1_Init>:
87800ab0:	b5f8      	push	{r3, r4, r5, r6, r7, lr}
87800ab2:	2684      	movs	r6, #132	; 0x84
87800ab4:	2488      	movs	r4, #136	; 0x88
87800ab6:	2500      	movs	r5, #0
87800ab8:	f2c0 260e 	movt	r6, #526	; 0x20e
87800abc:	f2c0 240e 	movt	r4, #526	; 0x20e
87800ac0:	f240 6324 	movw	r3, #1572	; 0x624
87800ac4:	f44f 7044 	mov.w	r0, #784	; 0x310
87800ac8:	f44f 7245 	mov.w	r2, #788	; 0x314
87800acc:	f44f 4180 	mov.w	r1, #16384	; 0x4000
87800ad0:	6035      	str	r5, [r6, #0]
87800ad2:	f2c0 210c 	movt	r1, #524	; 0x20c
87800ad6:	6025      	str	r5, [r4, #0]
87800ad8:	f2c0 230e 	movt	r3, #526	; 0x20e
87800adc:	f2c0 200e 	movt	r0, #526	; 0x20e
87800ae0:	f2c0 220e 	movt	r2, #526	; 0x20e
87800ae4:	2703      	movs	r7, #3
87800ae6:	f241 06b0 	movw	r6, #4272	; 0x10b0
87800aea:	f243 04b0 	movw	r4, #12464	; 0x30b0
87800aee:	601f      	str	r7, [r3, #0]
87800af0:	6006      	str	r6, [r0, #0]
87800af2:	462b      	mov	r3, r5
87800af4:	6014      	str	r4, [r2, #0]
87800af6:	f2c0 2302 	movt	r3, #514	; 0x202
87800afa:	6a48      	ldr	r0, [r1, #36]	; 0x24
87800afc:	461a      	mov	r2, r3
87800afe:	f020 0040 	bic.w	r0, r0, #64	; 0x40
87800b02:	6248      	str	r0, [r1, #36]	; 0x24
87800b04:	68c8      	ldr	r0, [r1, #12]
87800b06:	f020 0001 	bic.w	r0, r0, #1
87800b0a:	60c8      	str	r0, [r1, #12]
87800b0c:	f8d3 1080 	ldr.w	r1, [r3, #128]	; 0x80
87800b10:	f021 0101 	bic.w	r1, r1, #1
87800b14:	f8c3 1080 	str.w	r1, [r3, #128]	; 0x80
87800b18:	f8d3 1084 	ldr.w	r1, [r3, #132]	; 0x84
87800b1c:	f021 0101 	bic.w	r1, r1, #1
87800b20:	f8c3 1084 	str.w	r1, [r3, #132]	; 0x84
87800b24:	f8d2 3084 	ldr.w	r3, [r2, #132]	; 0x84
87800b28:	2400      	movs	r4, #0
87800b2a:	f2c0 2402 	movt	r4, #514	; 0x202
87800b2e:	07db      	lsls	r3, r3, #31
87800b30:	d5f8      	bpl.n	87800b24 <UART1_Init+0x74>
87800b32:	2300      	movs	r3, #0
87800b34:	f44f 4234 	mov.w	r2, #46080	; 0xb400
87800b38:	f8c4 3080 	str.w	r3, [r4, #128]	; 0x80
87800b3c:	f2c0 42c4 	movt	r2, #1220	; 0x4c4
87800b40:	f8d4 3084 	ldr.w	r3, [r4, #132]	; 0x84
87800b44:	f44f 31e1 	mov.w	r1, #115200	; 0x1c200
87800b48:	4620      	mov	r0, r4
87800b4a:	f443 4380 	orr.w	r3, r3, #16384	; 0x4000
87800b4e:	f043 0326 	orr.w	r3, r3, #38	; 0x26
87800b52:	f8c4 3084 	str.w	r3, [r4, #132]	; 0x84
87800b56:	f8d4 3088 	ldr.w	r3, [r4, #136]	; 0x88
87800b5a:	f043 0304 	orr.w	r3, r3, #4
87800b5e:	f8c4 3088 	str.w	r3, [r4, #136]	; 0x88
87800b62:	f7ff fea9 	bl	878008b8 <uart_setbaudrate>
87800b66:	f8d4 3080 	ldr.w	r3, [r4, #128]	; 0x80
87800b6a:	f043 0301 	orr.w	r3, r3, #1
87800b6e:	f8c4 3080 	str.w	r3, [r4, #128]	; 0x80
87800b72:	bdf8      	pop	{r3, r4, r5, r6, r7, pc}

87800b74 <UART1_Clock_Init>:
87800b74:	f44f 4380 	mov.w	r3, #16384	; 0x4000
87800b78:	f2c0 230c 	movt	r3, #524	; 0x20c
87800b7c:	6a5a      	ldr	r2, [r3, #36]	; 0x24
87800b7e:	f022 0240 	bic.w	r2, r2, #64	; 0x40
87800b82:	625a      	str	r2, [r3, #36]	; 0x24
87800b84:	68da      	ldr	r2, [r3, #12]
87800b86:	f022 0201 	bic.w	r2, r2, #1
87800b8a:	60da      	str	r2, [r3, #12]
87800b8c:	4770      	bx	lr
87800b8e:	bf00      	nop

87800b90 <UART1_Disable>:
87800b90:	2300      	movs	r3, #0
87800b92:	f2c0 2302 	movt	r3, #514	; 0x202
87800b96:	f8d3 2080 	ldr.w	r2, [r3, #128]	; 0x80
87800b9a:	f022 0201 	bic.w	r2, r2, #1
87800b9e:	f8c3 2080 	str.w	r2, [r3, #128]	; 0x80
87800ba2:	4770      	bx	lr

87800ba4 <UART1_Enable>:
87800ba4:	2300      	movs	r3, #0
87800ba6:	f2c0 2302 	movt	r3, #514	; 0x202
87800baa:	f8d3 2080 	ldr.w	r2, [r3, #128]	; 0x80
87800bae:	f042 0201 	orr.w	r2, r2, #1
87800bb2:	f8c3 2080 	str.w	r2, [r3, #128]	; 0x80
87800bb6:	4770      	bx	lr

87800bb8 <UART1_Reset>:
87800bb8:	2300      	movs	r3, #0
87800bba:	f2c0 2302 	movt	r3, #514	; 0x202
87800bbe:	f8d3 1084 	ldr.w	r1, [r3, #132]	; 0x84
87800bc2:	461a      	mov	r2, r3
87800bc4:	f021 0101 	bic.w	r1, r1, #1
87800bc8:	f8c3 1084 	str.w	r1, [r3, #132]	; 0x84
87800bcc:	f8d2 3084 	ldr.w	r3, [r2, #132]	; 0x84
87800bd0:	07db      	lsls	r3, r3, #31
87800bd2:	d5fb      	bpl.n	87800bcc <UART1_Reset+0x14>
87800bd4:	4770      	bx	lr
87800bd6:	bf00      	nop

87800bd8 <UART1_IO_Init>:
87800bd8:	b4f0      	push	{r4, r5, r6, r7}
87800bda:	2584      	movs	r5, #132	; 0x84
87800bdc:	2400      	movs	r4, #0
87800bde:	f2c0 250e 	movt	r5, #526	; 0x20e
87800be2:	2088      	movs	r0, #136	; 0x88
87800be4:	f240 6124 	movw	r1, #1572	; 0x624
87800be8:	f44f 7244 	mov.w	r2, #784	; 0x310
87800bec:	f44f 7345 	mov.w	r3, #788	; 0x314
87800bf0:	602c      	str	r4, [r5, #0]
87800bf2:	2703      	movs	r7, #3
87800bf4:	f241 06b0 	movw	r6, #4272	; 0x10b0
87800bf8:	f243 05b0 	movw	r5, #12464	; 0x30b0
87800bfc:	f2c0 200e 	movt	r0, #526	; 0x20e
87800c00:	f2c0 210e 	movt	r1, #526	; 0x20e
87800c04:	f2c0 220e 	movt	r2, #526	; 0x20e
87800c08:	f2c0 230e 	movt	r3, #526	; 0x20e
87800c0c:	6004      	str	r4, [r0, #0]
87800c0e:	600f      	str	r7, [r1, #0]
87800c10:	6016      	str	r6, [r2, #0]
87800c12:	601d      	str	r5, [r3, #0]
87800c14:	bcf0      	pop	{r4, r5, r6, r7}
87800c16:	4770      	bx	lr

87800c18 <UART1_SendByte>:
87800c18:	2100      	movs	r1, #0
87800c1a:	f2c0 2102 	movt	r1, #514	; 0x202
87800c1e:	f8d1 2098 	ldr.w	r2, [r1, #152]	; 0x98
87800c22:	2300      	movs	r3, #0
87800c24:	f2c0 2302 	movt	r3, #514	; 0x202
87800c28:	0712      	lsls	r2, r2, #28
87800c2a:	d5f8      	bpl.n	87800c1e <UART1_SendByte+0x6>
87800c2c:	6418      	str	r0, [r3, #64]	; 0x40
87800c2e:	4770      	bx	lr

87800c30 <UART1_ReceiveByte>:
87800c30:	2100      	movs	r1, #0
87800c32:	f2c0 2102 	movt	r1, #514	; 0x202
87800c36:	f8d1 2098 	ldr.w	r2, [r1, #152]	; 0x98
87800c3a:	2300      	movs	r3, #0
87800c3c:	f2c0 2302 	movt	r3, #514	; 0x202
87800c40:	07d2      	lsls	r2, r2, #31
87800c42:	d5f8      	bpl.n	87800c36 <UART1_ReceiveByte+0x6>
87800c44:	6818      	ldr	r0, [r3, #0]
87800c46:	b2c0      	uxtb	r0, r0
87800c48:	4770      	bx	lr
87800c4a:	bf00      	nop

87800c4c <UART1_SendString>:
87800c4c:	b430      	push	{r4, r5}
87800c4e:	7804      	ldrb	r4, [r0, #0]
87800c50:	b174      	cbz	r4, 87800c70 <UART1_SendString+0x24>
87800c52:	2200      	movs	r2, #0
87800c54:	4611      	mov	r1, r2
87800c56:	f2c0 2202 	movt	r2, #514	; 0x202
87800c5a:	4615      	mov	r5, r2
87800c5c:	f8d2 3098 	ldr.w	r3, [r2, #152]	; 0x98
87800c60:	071b      	lsls	r3, r3, #28
87800c62:	d5fb      	bpl.n	87800c5c <UART1_SendString+0x10>
87800c64:	3101      	adds	r1, #1
87800c66:	642c      	str	r4, [r5, #64]	; 0x40
87800c68:	b2c9      	uxtb	r1, r1
87800c6a:	5c44      	ldrb	r4, [r0, r1]
87800c6c:	2c00      	cmp	r4, #0
87800c6e:	d1f5      	bne.n	87800c5c <UART1_SendString+0x10>
87800c70:	bc30      	pop	{r4, r5}
87800c72:	4770      	bx	lr

87800c74 <raise>:
87800c74:	4770      	bx	lr
87800c76:	bf00      	nop

87800c78 <putc>:
87800c78:	2100      	movs	r1, #0
87800c7a:	f2c0 2102 	movt	r1, #514	; 0x202
87800c7e:	f8d1 2098 	ldr.w	r2, [r1, #152]	; 0x98
87800c82:	2300      	movs	r3, #0
87800c84:	f2c0 2302 	movt	r3, #514	; 0x202
87800c88:	0712      	lsls	r2, r2, #28
87800c8a:	d5f8      	bpl.n	87800c7e <putc+0x6>
87800c8c:	6418      	str	r0, [r3, #64]	; 0x40
87800c8e:	4770      	bx	lr

87800c90 <getc>:
87800c90:	2100      	movs	r1, #0
87800c92:	f2c0 2102 	movt	r1, #514	; 0x202
87800c96:	f8d1 2098 	ldr.w	r2, [r1, #152]	; 0x98
87800c9a:	2300      	movs	r3, #0
87800c9c:	f2c0 2302 	movt	r3, #514	; 0x202
87800ca0:	07d2      	lsls	r2, r2, #31
87800ca2:	d5f8      	bpl.n	87800c96 <getc+0x6>
87800ca4:	6818      	ldr	r0, [r3, #0]
87800ca6:	b2c0      	uxtb	r0, r0
87800ca8:	4770      	bx	lr
87800caa:	bf00      	nop

87800cac <puts>:
87800cac:	b430      	push	{r4, r5}
87800cae:	7804      	ldrb	r4, [r0, #0]
87800cb0:	b174      	cbz	r4, 87800cd0 <puts+0x24>
87800cb2:	2200      	movs	r2, #0
87800cb4:	4611      	mov	r1, r2
87800cb6:	f2c0 2202 	movt	r2, #514	; 0x202
87800cba:	4615      	mov	r5, r2
87800cbc:	f8d2 3098 	ldr.w	r3, [r2, #152]	; 0x98
87800cc0:	071b      	lsls	r3, r3, #28
87800cc2:	d5fb      	bpl.n	87800cbc <puts+0x10>
87800cc4:	3101      	adds	r1, #1
87800cc6:	642c      	str	r4, [r5, #64]	; 0x40
87800cc8:	b2c9      	uxtb	r1, r1
87800cca:	5c44      	ldrb	r4, [r0, r1]
87800ccc:	2c00      	cmp	r4, #0
87800cce:	d1f5      	bne.n	87800cbc <puts+0x10>
87800cd0:	bc30      	pop	{r4, r5}
87800cd2:	4770      	bx	lr

87800cd4 <__muldi3>:
87800cd4:	fb02 f101 	mul.w	r1, r2, r1
87800cd8:	b4f0      	push	{r4, r5, r6, r7}
87800cda:	4604      	mov	r4, r0
87800cdc:	ea4f 4610 	mov.w	r6, r0, lsr #16
87800ce0:	ea4f 4512 	mov.w	r5, r2, lsr #16
87800ce4:	ea20 4706 	bic.w	r7, r0, r6, lsl #16
87800ce8:	ea22 4205 	bic.w	r2, r2, r5, lsl #16
87800cec:	fb07 f002 	mul.w	r0, r7, r2
87800cf0:	fb06 f202 	mul.w	r2, r6, r2
87800cf4:	fb05 f707 	mul.w	r7, r5, r7
87800cf8:	fb06 f505 	mul.w	r5, r6, r5
87800cfc:	19d7      	adds	r7, r2, r7
87800cfe:	bf28      	it	cs
87800d00:	f505 3580 	addcs.w	r5, r5, #65536	; 0x10000
87800d04:	eb10 4007 	adds.w	r0, r0, r7, lsl #16
87800d08:	eb45 4517 	adc.w	r5, r5, r7, lsr #16
87800d0c:	fb03 1104 	mla	r1, r3, r4, r1
87800d10:	4429      	add	r1, r5
87800d12:	bcf0      	pop	{r4, r5, r6, r7}
87800d14:	4770      	bx	lr
87800d16:	bf00      	nop

87800d18 <__div64_32>:
87800d18:	e92d 4ff8 	stmdb	sp!, {r3, r4, r5, r6, r7, r8, r9, sl, fp, lr}
87800d1c:	4688      	mov	r8, r1
87800d1e:	e9d0 6700 	ldrd	r6, r7, [r0]
87800d22:	f04f 0b00 	mov.w	fp, #0
87800d26:	4681      	mov	r9, r0
87800d28:	468a      	mov	sl, r1
87800d2a:	4644      	mov	r4, r8
87800d2c:	465d      	mov	r5, fp
87800d2e:	42b9      	cmp	r1, r7
87800d30:	bf84      	itt	hi
87800d32:	2200      	movhi	r2, #0
87800d34:	2300      	movhi	r3, #0
87800d36:	d80b      	bhi.n	87800d50 <__div64_32+0x38>
87800d38:	4638      	mov	r0, r7
87800d3a:	f001 fcf5 	bl	87802728 <__aeabi_uidiv>
87800d3e:	4686      	mov	lr, r0
87800d40:	2000      	movs	r0, #0
87800d42:	fb08 f10e 	mul.w	r1, r8, lr
87800d46:	1a36      	subs	r6, r6, r0
87800d48:	4602      	mov	r2, r0
87800d4a:	4673      	mov	r3, lr
87800d4c:	eb67 0701 	sbc.w	r7, r7, r1
87800d50:	45bb      	cmp	fp, r7
87800d52:	bf08      	it	eq
87800d54:	45b2      	cmpeq	sl, r6
87800d56:	bf34      	ite	cc
87800d58:	2101      	movcc	r1, #1
87800d5a:	2100      	movcs	r1, #0
87800d5c:	f1ba 0f01 	cmp.w	sl, #1
87800d60:	f001 0101 	and.w	r1, r1, #1
87800d64:	f17b 0000 	sbcs.w	r0, fp, #0
87800d68:	f04f 0001 	mov.w	r0, #1
87800d6c:	bfb8      	it	lt
87800d6e:	2100      	movlt	r1, #0
87800d70:	b371      	cbz	r1, 87800dd0 <__div64_32+0xb8>
87800d72:	2100      	movs	r1, #0
87800d74:	1924      	adds	r4, r4, r4
87800d76:	416d      	adcs	r5, r5
87800d78:	1800      	adds	r0, r0, r0
87800d7a:	4149      	adcs	r1, r1
87800d7c:	2c01      	cmp	r4, #1
87800d7e:	f175 0e00 	sbcs.w	lr, r5, #0
87800d82:	bfac      	ite	ge
87800d84:	f04f 0e01 	movge.w	lr, #1
87800d88:	f04f 0e00 	movlt.w	lr, #0
87800d8c:	42bd      	cmp	r5, r7
87800d8e:	f00e 0e01 	and.w	lr, lr, #1
87800d92:	bf08      	it	eq
87800d94:	42b4      	cmpeq	r4, r6
87800d96:	bf28      	it	cs
87800d98:	f04f 0e00 	movcs.w	lr, #0
87800d9c:	f1be 0f00 	cmp.w	lr, #0
87800da0:	d1e8      	bne.n	87800d74 <__div64_32+0x5c>
87800da2:	42af      	cmp	r7, r5
87800da4:	bf08      	it	eq
87800da6:	42a6      	cmpeq	r6, r4
87800da8:	d304      	bcc.n	87800db4 <__div64_32+0x9c>
87800daa:	1b36      	subs	r6, r6, r4
87800dac:	eb67 0705 	sbc.w	r7, r7, r5
87800db0:	1812      	adds	r2, r2, r0
87800db2:	414b      	adcs	r3, r1
87800db4:	0849      	lsrs	r1, r1, #1
87800db6:	ea4f 0030 	mov.w	r0, r0, rrx
87800dba:	086d      	lsrs	r5, r5, #1
87800dbc:	ea4f 0434 	mov.w	r4, r4, rrx
87800dc0:	ea50 0e01 	orrs.w	lr, r0, r1
87800dc4:	d1ed      	bne.n	87800da2 <__div64_32+0x8a>
87800dc6:	e9c9 2300 	strd	r2, r3, [r9]
87800dca:	4630      	mov	r0, r6
87800dcc:	e8bd 8ff8 	ldmia.w	sp!, {r3, r4, r5, r6, r7, r8, r9, sl, fp, pc}
87800dd0:	2100      	movs	r1, #0
87800dd2:	e7e6      	b.n	87800da2 <__div64_32+0x8a>

87800dd4 <strnicmp>:
87800dd4:	b322      	cbz	r2, 87800e20 <strnicmp+0x4c>
87800dd6:	b5f0      	push	{r4, r5, r6, r7, lr}
87800dd8:	f642 3574 	movw	r5, #11124	; 0x2b74
87800ddc:	3801      	subs	r0, #1
87800dde:	f2c8 7580 	movt	r5, #34688	; 0x8780
87800de2:	e008      	b.n	87800df6 <strnicmp+0x22>
87800de4:	07f6      	lsls	r6, r6, #31
87800de6:	fa5f f38e 	uxtb.w	r3, lr
87800dea:	d500      	bpl.n	87800dee <strnicmp+0x1a>
87800dec:	b2fc      	uxtb	r4, r7
87800dee:	42a3      	cmp	r3, r4
87800df0:	d114      	bne.n	87800e1c <strnicmp+0x48>
87800df2:	3a01      	subs	r2, #1
87800df4:	d01a      	beq.n	87800e2c <strnicmp+0x58>
87800df6:	f810 3f01 	ldrb.w	r3, [r0, #1]!
87800dfa:	f811 4b01 	ldrb.w	r4, [r1], #1
87800dfe:	b18b      	cbz	r3, 87800e24 <strnicmp+0x50>
87800e00:	b194      	cbz	r4, 87800e28 <strnicmp+0x54>
87800e02:	42a3      	cmp	r3, r4
87800e04:	d0f5      	beq.n	87800df2 <strnicmp+0x1e>
87800e06:	5cee      	ldrb	r6, [r5, r3]
87800e08:	f104 0720 	add.w	r7, r4, #32
87800e0c:	f103 0e20 	add.w	lr, r3, #32
87800e10:	f016 0f01 	tst.w	r6, #1
87800e14:	5d2e      	ldrb	r6, [r5, r4]
87800e16:	d1e5      	bne.n	87800de4 <strnicmp+0x10>
87800e18:	07f6      	lsls	r6, r6, #31
87800e1a:	d4e7      	bmi.n	87800dec <strnicmp+0x18>
87800e1c:	1b18      	subs	r0, r3, r4
87800e1e:	bdf0      	pop	{r4, r5, r6, r7, pc}
87800e20:	4610      	mov	r0, r2
87800e22:	4770      	bx	lr
87800e24:	4260      	negs	r0, r4
87800e26:	bdf0      	pop	{r4, r5, r6, r7, pc}
87800e28:	4618      	mov	r0, r3
87800e2a:	bdf0      	pop	{r4, r5, r6, r7, pc}
87800e2c:	4610      	mov	r0, r2
87800e2e:	bdf0      	pop	{r4, r5, r6, r7, pc}

87800e30 <strcpy>:
87800e30:	1e42      	subs	r2, r0, #1
87800e32:	f811 3b01 	ldrb.w	r3, [r1], #1
87800e36:	f802 3f01 	strb.w	r3, [r2, #1]!
87800e3a:	2b00      	cmp	r3, #0
87800e3c:	d1f9      	bne.n	87800e32 <strcpy+0x2>
87800e3e:	4770      	bx	lr

87800e40 <strncpy>:
87800e40:	b410      	push	{r4}
87800e42:	440a      	add	r2, r1
87800e44:	1e44      	subs	r4, r0, #1
87800e46:	e004      	b.n	87800e52 <strncpy+0x12>
87800e48:	f811 3b01 	ldrb.w	r3, [r1], #1
87800e4c:	f804 3f01 	strb.w	r3, [r4, #1]!
87800e50:	b10b      	cbz	r3, 87800e56 <strncpy+0x16>
87800e52:	4291      	cmp	r1, r2
87800e54:	d1f8      	bne.n	87800e48 <strncpy+0x8>
87800e56:	f85d 4b04 	ldr.w	r4, [sp], #4
87800e5a:	4770      	bx	lr

87800e5c <strcat>:
87800e5c:	7803      	ldrb	r3, [r0, #0]
87800e5e:	b163      	cbz	r3, 87800e7a <strcat+0x1e>
87800e60:	4603      	mov	r3, r0
87800e62:	f813 2f01 	ldrb.w	r2, [r3, #1]!
87800e66:	2a00      	cmp	r2, #0
87800e68:	d1fb      	bne.n	87800e62 <strcat+0x6>
87800e6a:	3b01      	subs	r3, #1
87800e6c:	f811 2b01 	ldrb.w	r2, [r1], #1
87800e70:	f803 2f01 	strb.w	r2, [r3, #1]!
87800e74:	2a00      	cmp	r2, #0
87800e76:	d1f9      	bne.n	87800e6c <strcat+0x10>
87800e78:	4770      	bx	lr
87800e7a:	4603      	mov	r3, r0
87800e7c:	e7f5      	b.n	87800e6a <strcat+0xe>
87800e7e:	bf00      	nop

87800e80 <strncat>:
87800e80:	b1ba      	cbz	r2, 87800eb2 <strncat+0x32>
87800e82:	7803      	ldrb	r3, [r0, #0]
87800e84:	b430      	push	{r4, r5}
87800e86:	b1bb      	cbz	r3, 87800eb8 <strncat+0x38>
87800e88:	4603      	mov	r3, r0
87800e8a:	f813 4f01 	ldrb.w	r4, [r3, #1]!
87800e8e:	2c00      	cmp	r4, #0
87800e90:	d1fb      	bne.n	87800e8a <strncat+0xa>
87800e92:	f811 4b01 	ldrb.w	r4, [r1], #1
87800e96:	461d      	mov	r5, r3
87800e98:	f803 4b01 	strb.w	r4, [r3], #1
87800e9c:	b144      	cbz	r4, 87800eb0 <strncat+0x30>
87800e9e:	3a01      	subs	r2, #1
87800ea0:	d008      	beq.n	87800eb4 <strncat+0x34>
87800ea2:	f811 4b01 	ldrb.w	r4, [r1], #1
87800ea6:	461d      	mov	r5, r3
87800ea8:	f803 4b01 	strb.w	r4, [r3], #1
87800eac:	2c00      	cmp	r4, #0
87800eae:	d1f6      	bne.n	87800e9e <strncat+0x1e>
87800eb0:	bc30      	pop	{r4, r5}
87800eb2:	4770      	bx	lr
87800eb4:	706a      	strb	r2, [r5, #1]
87800eb6:	e7fb      	b.n	87800eb0 <strncat+0x30>
87800eb8:	4603      	mov	r3, r0
87800eba:	e7f2      	b.n	87800ea2 <strncat+0x22>

87800ebc <strcmp>:
87800ebc:	1e42      	subs	r2, r0, #1
87800ebe:	e000      	b.n	87800ec2 <strcmp+0x6>
87800ec0:	b148      	cbz	r0, 87800ed6 <strcmp+0x1a>
87800ec2:	f812 0f01 	ldrb.w	r0, [r2, #1]!
87800ec6:	f811 3b01 	ldrb.w	r3, [r1], #1
87800eca:	1ac3      	subs	r3, r0, r3
87800ecc:	f013 03ff 	ands.w	r3, r3, #255	; 0xff
87800ed0:	d0f6      	beq.n	87800ec0 <strcmp+0x4>
87800ed2:	b258      	sxtb	r0, r3
87800ed4:	4770      	bx	lr
87800ed6:	4770      	bx	lr

87800ed8 <strncmp>:
87800ed8:	b302      	cbz	r2, 87800f1c <strncmp+0x44>
87800eda:	b470      	push	{r4, r5, r6}
87800edc:	1c4d      	adds	r5, r1, #1
87800ede:	7803      	ldrb	r3, [r0, #0]
87800ee0:	780e      	ldrb	r6, [r1, #0]
87800ee2:	1b9e      	subs	r6, r3, r6
87800ee4:	f016 06ff 	ands.w	r6, r6, #255	; 0xff
87800ee8:	bf18      	it	ne
87800eea:	b270      	sxtbne	r0, r6
87800eec:	d10e      	bne.n	87800f0c <strncmp+0x34>
87800eee:	b1bb      	cbz	r3, 87800f20 <strncmp+0x48>
87800ef0:	440a      	add	r2, r1
87800ef2:	e008      	b.n	87800f06 <strncmp+0x2e>
87800ef4:	f810 4f01 	ldrb.w	r4, [r0, #1]!
87800ef8:	f815 3b01 	ldrb.w	r3, [r5], #1
87800efc:	1ae3      	subs	r3, r4, r3
87800efe:	f013 03ff 	ands.w	r3, r3, #255	; 0xff
87800f02:	d105      	bne.n	87800f10 <strncmp+0x38>
87800f04:	b13c      	cbz	r4, 87800f16 <strncmp+0x3e>
87800f06:	4295      	cmp	r5, r2
87800f08:	d1f4      	bne.n	87800ef4 <strncmp+0x1c>
87800f0a:	2000      	movs	r0, #0
87800f0c:	bc70      	pop	{r4, r5, r6}
87800f0e:	4770      	bx	lr
87800f10:	b258      	sxtb	r0, r3
87800f12:	bc70      	pop	{r4, r5, r6}
87800f14:	4770      	bx	lr
87800f16:	4620      	mov	r0, r4
87800f18:	bc70      	pop	{r4, r5, r6}
87800f1a:	4770      	bx	lr
87800f1c:	4610      	mov	r0, r2
87800f1e:	4770      	bx	lr
87800f20:	4618      	mov	r0, r3
87800f22:	e7f3      	b.n	87800f0c <strncmp+0x34>

87800f24 <strchr>:
87800f24:	7803      	ldrb	r3, [r0, #0]
87800f26:	b2c9      	uxtb	r1, r1
87800f28:	428b      	cmp	r3, r1
87800f2a:	d006      	beq.n	87800f3a <strchr+0x16>
87800f2c:	b123      	cbz	r3, 87800f38 <strchr+0x14>
87800f2e:	f810 3f01 	ldrb.w	r3, [r0, #1]!
87800f32:	428b      	cmp	r3, r1
87800f34:	d1fa      	bne.n	87800f2c <strchr+0x8>
87800f36:	4770      	bx	lr
87800f38:	4618      	mov	r0, r3
87800f3a:	4770      	bx	lr

87800f3c <strrchr>:
87800f3c:	7803      	ldrb	r3, [r0, #0]
87800f3e:	b18b      	cbz	r3, 87800f64 <strrchr+0x28>
87800f40:	4603      	mov	r3, r0
87800f42:	f813 2f01 	ldrb.w	r2, [r3, #1]!
87800f46:	2a00      	cmp	r2, #0
87800f48:	d1fb      	bne.n	87800f42 <strrchr+0x6>
87800f4a:	b2c9      	uxtb	r1, r1
87800f4c:	2200      	movs	r2, #0
87800f4e:	e003      	b.n	87800f58 <strrchr+0x1c>
87800f50:	3b01      	subs	r3, #1
87800f52:	4298      	cmp	r0, r3
87800f54:	d804      	bhi.n	87800f60 <strrchr+0x24>
87800f56:	781a      	ldrb	r2, [r3, #0]
87800f58:	428a      	cmp	r2, r1
87800f5a:	d1f9      	bne.n	87800f50 <strrchr+0x14>
87800f5c:	4618      	mov	r0, r3
87800f5e:	4770      	bx	lr
87800f60:	2000      	movs	r0, #0
87800f62:	4770      	bx	lr
87800f64:	4603      	mov	r3, r0
87800f66:	e7f0      	b.n	87800f4a <strrchr+0xe>

87800f68 <strlen>:
87800f68:	7802      	ldrb	r2, [r0, #0]
87800f6a:	b132      	cbz	r2, 87800f7a <strlen+0x12>
87800f6c:	4603      	mov	r3, r0
87800f6e:	f813 1f01 	ldrb.w	r1, [r3, #1]!
87800f72:	2900      	cmp	r1, #0
87800f74:	d1fb      	bne.n	87800f6e <strlen+0x6>
87800f76:	1a18      	subs	r0, r3, r0
87800f78:	4770      	bx	lr
87800f7a:	4610      	mov	r0, r2
87800f7c:	4770      	bx	lr
87800f7e:	bf00      	nop

87800f80 <strnlen>:
87800f80:	b199      	cbz	r1, 87800faa <strnlen+0x2a>
87800f82:	7803      	ldrb	r3, [r0, #0]
87800f84:	b19b      	cbz	r3, 87800fae <strnlen+0x2e>
87800f86:	b410      	push	{r4}
87800f88:	4401      	add	r1, r0
87800f8a:	1c43      	adds	r3, r0, #1
87800f8c:	e002      	b.n	87800f94 <strnlen+0x14>
87800f8e:	781c      	ldrb	r4, [r3, #0]
87800f90:	3301      	adds	r3, #1
87800f92:	b134      	cbz	r4, 87800fa2 <strnlen+0x22>
87800f94:	428b      	cmp	r3, r1
87800f96:	461a      	mov	r2, r3
87800f98:	d1f9      	bne.n	87800f8e <strnlen+0xe>
87800f9a:	1a18      	subs	r0, r3, r0
87800f9c:	f85d 4b04 	ldr.w	r4, [sp], #4
87800fa0:	4770      	bx	lr
87800fa2:	1a10      	subs	r0, r2, r0
87800fa4:	f85d 4b04 	ldr.w	r4, [sp], #4
87800fa8:	4770      	bx	lr
87800faa:	4608      	mov	r0, r1
87800fac:	4770      	bx	lr
87800fae:	4618      	mov	r0, r3
87800fb0:	4770      	bx	lr
87800fb2:	bf00      	nop

87800fb4 <strspn>:
87800fb4:	b470      	push	{r4, r5, r6}
87800fb6:	4605      	mov	r5, r0
87800fb8:	7804      	ldrb	r4, [r0, #0]
87800fba:	b1ac      	cbz	r4, 87800fe8 <strspn+0x34>
87800fbc:	780e      	ldrb	r6, [r1, #0]
87800fbe:	2000      	movs	r0, #0
87800fc0:	b14e      	cbz	r6, 87800fd6 <strspn+0x22>
87800fc2:	42a6      	cmp	r6, r4
87800fc4:	d009      	beq.n	87800fda <strspn+0x26>
87800fc6:	460a      	mov	r2, r1
87800fc8:	e001      	b.n	87800fce <strspn+0x1a>
87800fca:	429c      	cmp	r4, r3
87800fcc:	d005      	beq.n	87800fda <strspn+0x26>
87800fce:	f812 3f01 	ldrb.w	r3, [r2, #1]!
87800fd2:	2b00      	cmp	r3, #0
87800fd4:	d1f9      	bne.n	87800fca <strspn+0x16>
87800fd6:	bc70      	pop	{r4, r5, r6}
87800fd8:	4770      	bx	lr
87800fda:	f815 4f01 	ldrb.w	r4, [r5, #1]!
87800fde:	3001      	adds	r0, #1
87800fe0:	2c00      	cmp	r4, #0
87800fe2:	d1ed      	bne.n	87800fc0 <strspn+0xc>
87800fe4:	bc70      	pop	{r4, r5, r6}
87800fe6:	4770      	bx	lr
87800fe8:	4620      	mov	r0, r4
87800fea:	e7f4      	b.n	87800fd6 <strspn+0x22>

87800fec <strpbrk>:
87800fec:	b430      	push	{r4, r5}
87800fee:	7804      	ldrb	r4, [r0, #0]
87800ff0:	b17c      	cbz	r4, 87801012 <strpbrk+0x26>
87800ff2:	780d      	ldrb	r5, [r1, #0]
87800ff4:	b14d      	cbz	r5, 8780100a <strpbrk+0x1e>
87800ff6:	42a5      	cmp	r5, r4
87800ff8:	d00c      	beq.n	87801014 <strpbrk+0x28>
87800ffa:	460a      	mov	r2, r1
87800ffc:	e001      	b.n	87801002 <strpbrk+0x16>
87800ffe:	429c      	cmp	r4, r3
87801000:	d008      	beq.n	87801014 <strpbrk+0x28>
87801002:	f812 3f01 	ldrb.w	r3, [r2, #1]!
87801006:	2b00      	cmp	r3, #0
87801008:	d1f9      	bne.n	87800ffe <strpbrk+0x12>
8780100a:	f810 4f01 	ldrb.w	r4, [r0, #1]!
8780100e:	2c00      	cmp	r4, #0
87801010:	d1f0      	bne.n	87800ff4 <strpbrk+0x8>
87801012:	4620      	mov	r0, r4
87801014:	bc30      	pop	{r4, r5}
87801016:	4770      	bx	lr

87801018 <strtok>:
87801018:	b5f0      	push	{r4, r5, r6, r7, lr}
8780101a:	f643 1e7c 	movw	lr, #14716	; 0x397c
8780101e:	f2c8 7e80 	movt	lr, #34688	; 0x8780
87801022:	2800      	cmp	r0, #0
87801024:	d03e      	beq.n	878010a4 <strtok+0x8c>
87801026:	7804      	ldrb	r4, [r0, #0]
87801028:	2c00      	cmp	r4, #0
8780102a:	d037      	beq.n	8780109c <strtok+0x84>
8780102c:	780d      	ldrb	r5, [r1, #0]
8780102e:	4607      	mov	r7, r0
87801030:	2600      	movs	r6, #0
87801032:	b14d      	cbz	r5, 87801048 <strtok+0x30>
87801034:	42a5      	cmp	r5, r4
87801036:	d01e      	beq.n	87801076 <strtok+0x5e>
87801038:	460a      	mov	r2, r1
8780103a:	e001      	b.n	87801040 <strtok+0x28>
8780103c:	429c      	cmp	r4, r3
8780103e:	d01a      	beq.n	87801076 <strtok+0x5e>
87801040:	f812 3f01 	ldrb.w	r3, [r2, #1]!
87801044:	2b00      	cmp	r3, #0
87801046:	d1f9      	bne.n	8780103c <strtok+0x24>
87801048:	5d84      	ldrb	r4, [r0, r6]
8780104a:	4430      	add	r0, r6
8780104c:	4606      	mov	r6, r0
8780104e:	b32c      	cbz	r4, 8780109c <strtok+0x84>
87801050:	b14d      	cbz	r5, 87801066 <strtok+0x4e>
87801052:	42a5      	cmp	r5, r4
87801054:	d01a      	beq.n	8780108c <strtok+0x74>
87801056:	460a      	mov	r2, r1
87801058:	e001      	b.n	8780105e <strtok+0x46>
8780105a:	429c      	cmp	r4, r3
8780105c:	d016      	beq.n	8780108c <strtok+0x74>
8780105e:	f812 3f01 	ldrb.w	r3, [r2, #1]!
87801062:	2b00      	cmp	r3, #0
87801064:	d1f9      	bne.n	8780105a <strtok+0x42>
87801066:	f816 4f01 	ldrb.w	r4, [r6, #1]!
8780106a:	2c00      	cmp	r4, #0
8780106c:	d1f0      	bne.n	87801050 <strtok+0x38>
8780106e:	4626      	mov	r6, r4
87801070:	f8ce 6000 	str.w	r6, [lr]
87801074:	bdf0      	pop	{r4, r5, r6, r7, pc}
87801076:	f817 4f01 	ldrb.w	r4, [r7, #1]!
8780107a:	3601      	adds	r6, #1
8780107c:	2c00      	cmp	r4, #0
8780107e:	d1d8      	bne.n	87801032 <strtok+0x1a>
87801080:	5d84      	ldrb	r4, [r0, r6]
87801082:	4430      	add	r0, r6
87801084:	4606      	mov	r6, r0
87801086:	2c00      	cmp	r4, #0
87801088:	d1e2      	bne.n	87801050 <strtok+0x38>
8780108a:	e007      	b.n	8780109c <strtok+0x84>
8780108c:	7833      	ldrb	r3, [r6, #0]
8780108e:	4632      	mov	r2, r6
87801090:	2b00      	cmp	r3, #0
87801092:	d0ed      	beq.n	87801070 <strtok+0x58>
87801094:	2300      	movs	r3, #0
87801096:	3601      	adds	r6, #1
87801098:	7013      	strb	r3, [r2, #0]
8780109a:	e7e9      	b.n	87801070 <strtok+0x58>
8780109c:	2000      	movs	r0, #0
8780109e:	f8ce 0000 	str.w	r0, [lr]
878010a2:	bdf0      	pop	{r4, r5, r6, r7, pc}
878010a4:	f8de 0000 	ldr.w	r0, [lr]
878010a8:	2800      	cmp	r0, #0
878010aa:	d1bc      	bne.n	87801026 <strtok+0xe>
878010ac:	e7e2      	b.n	87801074 <strtok+0x5c>
878010ae:	bf00      	nop

878010b0 <strsep>:
878010b0:	b4f0      	push	{r4, r5, r6, r7}
878010b2:	4607      	mov	r7, r0
878010b4:	6800      	ldr	r0, [r0, #0]
878010b6:	b198      	cbz	r0, 878010e0 <strsep+0x30>
878010b8:	7804      	ldrb	r4, [r0, #0]
878010ba:	b184      	cbz	r4, 878010de <strsep+0x2e>
878010bc:	780e      	ldrb	r6, [r1, #0]
878010be:	4605      	mov	r5, r0
878010c0:	b14e      	cbz	r6, 878010d6 <strsep+0x26>
878010c2:	42a6      	cmp	r6, r4
878010c4:	d00e      	beq.n	878010e4 <strsep+0x34>
878010c6:	460a      	mov	r2, r1
878010c8:	e001      	b.n	878010ce <strsep+0x1e>
878010ca:	429c      	cmp	r4, r3
878010cc:	d00a      	beq.n	878010e4 <strsep+0x34>
878010ce:	f812 3f01 	ldrb.w	r3, [r2, #1]!
878010d2:	2b00      	cmp	r3, #0
878010d4:	d1f9      	bne.n	878010ca <strsep+0x1a>
878010d6:	f815 4f01 	ldrb.w	r4, [r5, #1]!
878010da:	2c00      	cmp	r4, #0
878010dc:	d1f0      	bne.n	878010c0 <strsep+0x10>
878010de:	603c      	str	r4, [r7, #0]
878010e0:	bcf0      	pop	{r4, r5, r6, r7}
878010e2:	4770      	bx	lr
878010e4:	2300      	movs	r3, #0
878010e6:	1c6c      	adds	r4, r5, #1
878010e8:	702b      	strb	r3, [r5, #0]
878010ea:	e7f8      	b.n	878010de <strsep+0x2e>

878010ec <memset>:
878010ec:	b132      	cbz	r2, 878010fc <memset+0x10>
878010ee:	b2c9      	uxtb	r1, r1
878010f0:	4402      	add	r2, r0
878010f2:	4603      	mov	r3, r0
878010f4:	f803 1b01 	strb.w	r1, [r3], #1
878010f8:	4293      	cmp	r3, r2
878010fa:	d1fb      	bne.n	878010f4 <memset+0x8>
878010fc:	4770      	bx	lr
878010fe:	bf00      	nop

87801100 <bcopy>:
87801100:	b13a      	cbz	r2, 87801112 <bcopy+0x12>
87801102:	3901      	subs	r1, #1
87801104:	4402      	add	r2, r0
87801106:	f810 3b01 	ldrb.w	r3, [r0], #1
8780110a:	4290      	cmp	r0, r2
8780110c:	f801 3f01 	strb.w	r3, [r1, #1]!
87801110:	d1f9      	bne.n	87801106 <bcopy+0x6>
87801112:	4770      	bx	lr

87801114 <memcpy>:
87801114:	b152      	cbz	r2, 8780112c <memcpy+0x18>
87801116:	440a      	add	r2, r1
87801118:	1e43      	subs	r3, r0, #1
8780111a:	b410      	push	{r4}
8780111c:	f811 4b01 	ldrb.w	r4, [r1], #1
87801120:	4291      	cmp	r1, r2
87801122:	f803 4f01 	strb.w	r4, [r3, #1]!
87801126:	d1f9      	bne.n	8780111c <memcpy+0x8>
87801128:	f85d 4b04 	ldr.w	r4, [sp], #4
8780112c:	4770      	bx	lr
8780112e:	bf00      	nop

87801130 <memmove>:
87801130:	4288      	cmp	r0, r1
87801132:	b410      	push	{r4}
87801134:	d80b      	bhi.n	8780114e <memmove+0x1e>
87801136:	b13a      	cbz	r2, 87801148 <memmove+0x18>
87801138:	440a      	add	r2, r1
8780113a:	1e43      	subs	r3, r0, #1
8780113c:	f811 4b01 	ldrb.w	r4, [r1], #1
87801140:	4291      	cmp	r1, r2
87801142:	f803 4f01 	strb.w	r4, [r3, #1]!
87801146:	d1f9      	bne.n	8780113c <memmove+0xc>
87801148:	f85d 4b04 	ldr.w	r4, [sp], #4
8780114c:	4770      	bx	lr
8780114e:	4411      	add	r1, r2
87801150:	1883      	adds	r3, r0, r2
87801152:	2a00      	cmp	r2, #0
87801154:	d0f8      	beq.n	87801148 <memmove+0x18>
87801156:	1a8a      	subs	r2, r1, r2
87801158:	f811 4d01 	ldrb.w	r4, [r1, #-1]!
8780115c:	4291      	cmp	r1, r2
8780115e:	f803 4d01 	strb.w	r4, [r3, #-1]!
87801162:	d1f9      	bne.n	87801158 <memmove+0x28>
87801164:	f85d 4b04 	ldr.w	r4, [sp], #4
87801168:	4770      	bx	lr
8780116a:	bf00      	nop

8780116c <memcmp>:
8780116c:	b1aa      	cbz	r2, 8780119a <memcmp+0x2e>
8780116e:	b430      	push	{r4, r5}
87801170:	4604      	mov	r4, r0
87801172:	7803      	ldrb	r3, [r0, #0]
87801174:	7808      	ldrb	r0, [r1, #0]
87801176:	1a18      	subs	r0, r3, r0
87801178:	d10a      	bne.n	87801190 <memcmp+0x24>
8780117a:	4422      	add	r2, r4
8780117c:	3401      	adds	r4, #1
8780117e:	e005      	b.n	8780118c <memcmp+0x20>
87801180:	f814 3b01 	ldrb.w	r3, [r4], #1
87801184:	f811 5f01 	ldrb.w	r5, [r1, #1]!
87801188:	1b5b      	subs	r3, r3, r5
8780118a:	d103      	bne.n	87801194 <memcmp+0x28>
8780118c:	4294      	cmp	r4, r2
8780118e:	d1f7      	bne.n	87801180 <memcmp+0x14>
87801190:	bc30      	pop	{r4, r5}
87801192:	4770      	bx	lr
87801194:	4618      	mov	r0, r3
87801196:	bc30      	pop	{r4, r5}
87801198:	4770      	bx	lr
8780119a:	4610      	mov	r0, r2
8780119c:	4770      	bx	lr
8780119e:	bf00      	nop

878011a0 <memscan>:
878011a0:	b182      	cbz	r2, 878011c4 <memscan+0x24>
878011a2:	7803      	ldrb	r3, [r0, #0]
878011a4:	428b      	cmp	r3, r1
878011a6:	d00d      	beq.n	878011c4 <memscan+0x24>
878011a8:	b410      	push	{r4}
878011aa:	4402      	add	r2, r0
878011ac:	1c43      	adds	r3, r0, #1
878011ae:	e002      	b.n	878011b6 <memscan+0x16>
878011b0:	7804      	ldrb	r4, [r0, #0]
878011b2:	428c      	cmp	r4, r1
878011b4:	d004      	beq.n	878011c0 <memscan+0x20>
878011b6:	4293      	cmp	r3, r2
878011b8:	4618      	mov	r0, r3
878011ba:	f103 0301 	add.w	r3, r3, #1
878011be:	d1f7      	bne.n	878011b0 <memscan+0x10>
878011c0:	f85d 4b04 	ldr.w	r4, [sp], #4
878011c4:	4770      	bx	lr
878011c6:	bf00      	nop

878011c8 <strstr>:
878011c8:	b5f0      	push	{r4, r5, r6, r7, lr}
878011ca:	468e      	mov	lr, r1
878011cc:	f891 c000 	ldrb.w	ip, [r1]
878011d0:	f1bc 0f00 	cmp.w	ip, #0
878011d4:	d028      	beq.n	87801228 <strstr+0x60>
878011d6:	460e      	mov	r6, r1
878011d8:	f816 3f01 	ldrb.w	r3, [r6, #1]!
878011dc:	2b00      	cmp	r3, #0
878011de:	d1fb      	bne.n	878011d8 <strstr+0x10>
878011e0:	ebb6 010e 	subs.w	r1, r6, lr
878011e4:	d020      	beq.n	87801228 <strstr+0x60>
878011e6:	7807      	ldrb	r7, [r0, #0]
878011e8:	b12f      	cbz	r7, 878011f6 <strstr+0x2e>
878011ea:	4607      	mov	r7, r0
878011ec:	f817 3f01 	ldrb.w	r3, [r7, #1]!
878011f0:	2b00      	cmp	r3, #0
878011f2:	d1fb      	bne.n	878011ec <strstr+0x24>
878011f4:	1a3f      	subs	r7, r7, r0
878011f6:	42b9      	cmp	r1, r7
878011f8:	dc15      	bgt.n	87801226 <strstr+0x5e>
878011fa:	3f01      	subs	r7, #1
878011fc:	b1a1      	cbz	r1, 87801228 <strstr+0x60>
878011fe:	7803      	ldrb	r3, [r0, #0]
87801200:	4563      	cmp	r3, ip
87801202:	d10c      	bne.n	8780121e <strstr+0x56>
87801204:	4602      	mov	r2, r0
87801206:	f10e 0301 	add.w	r3, lr, #1
8780120a:	e005      	b.n	87801218 <strstr+0x50>
8780120c:	f813 4b01 	ldrb.w	r4, [r3], #1
87801210:	f812 5f01 	ldrb.w	r5, [r2, #1]!
87801214:	42a5      	cmp	r5, r4
87801216:	d102      	bne.n	8780121e <strstr+0x56>
87801218:	42b3      	cmp	r3, r6
8780121a:	d1f7      	bne.n	8780120c <strstr+0x44>
8780121c:	bdf0      	pop	{r4, r5, r6, r7, pc}
8780121e:	428f      	cmp	r7, r1
87801220:	f100 0001 	add.w	r0, r0, #1
87801224:	dae9      	bge.n	878011fa <strstr+0x32>
87801226:	2000      	movs	r0, #0
87801228:	bdf0      	pop	{r4, r5, r6, r7, pc}
8780122a:	bf00      	nop

8780122c <memchr>:
8780122c:	b410      	push	{r4}
8780122e:	b2c9      	uxtb	r1, r1
87801230:	4402      	add	r2, r0
87801232:	e004      	b.n	8780123e <memchr+0x12>
87801234:	f813 4b01 	ldrb.w	r4, [r3], #1
87801238:	428c      	cmp	r4, r1
8780123a:	d004      	beq.n	87801246 <memchr+0x1a>
8780123c:	4618      	mov	r0, r3
8780123e:	4290      	cmp	r0, r2
87801240:	4603      	mov	r3, r0
87801242:	d1f7      	bne.n	87801234 <memchr+0x8>
87801244:	2000      	movs	r0, #0
87801246:	f85d 4b04 	ldr.w	r4, [sp], #4
8780124a:	4770      	bx	lr

8780124c <number>:
8780124c:	e92d 4ff0 	stmdb	sp!, {r4, r5, r6, r7, r8, r9, sl, fp, lr}
87801250:	b0a9      	sub	sp, #164	; 0xa4
87801252:	460e      	mov	r6, r1
87801254:	9932      	ldr	r1, [sp, #200]	; 0xc8
87801256:	4604      	mov	r4, r0
87801258:	9835      	ldr	r0, [sp, #212]	; 0xd4
8780125a:	390a      	subs	r1, #10
8780125c:	bf18      	it	ne
8780125e:	2101      	movne	r1, #1
87801260:	f000 0820 	and.w	r8, r0, #32
87801264:	ea01 1050 	and.w	r0, r1, r0, lsr #5
87801268:	fa5f f888 	uxtb.w	r8, r8
8780126c:	9000      	str	r0, [sp, #0]
8780126e:	9835      	ldr	r0, [sp, #212]	; 0xd4
87801270:	f010 0010 	ands.w	r0, r0, #16
87801274:	9002      	str	r0, [sp, #8]
87801276:	bf1e      	ittt	ne
87801278:	9835      	ldrne	r0, [sp, #212]	; 0xd4
8780127a:	f020 0001 	bicne.w	r0, r0, #1
8780127e:	9035      	strne	r0, [sp, #212]	; 0xd4
87801280:	9835      	ldr	r0, [sp, #212]	; 0xd4
87801282:	f010 0002 	ands.w	r0, r0, #2
87801286:	d012      	beq.n	878012ae <number+0x62>
87801288:	2a00      	cmp	r2, #0
8780128a:	f173 0000 	sbcs.w	r0, r3, #0
8780128e:	f2c0 80e4 	blt.w	8780145a <number+0x20e>
87801292:	9835      	ldr	r0, [sp, #212]	; 0xd4
87801294:	0740      	lsls	r0, r0, #29
87801296:	f100 80c6 	bmi.w	87801426 <number+0x1da>
8780129a:	9835      	ldr	r0, [sp, #212]	; 0xd4
8780129c:	f010 0008 	ands.w	r0, r0, #8
878012a0:	d005      	beq.n	878012ae <number+0x62>
878012a2:	9833      	ldr	r0, [sp, #204]	; 0xcc
878012a4:	3801      	subs	r0, #1
878012a6:	9033      	str	r0, [sp, #204]	; 0xcc
878012a8:	2020      	movs	r0, #32
878012aa:	9001      	str	r0, [sp, #4]
878012ac:	e000      	b.n	878012b0 <number+0x64>
878012ae:	9001      	str	r0, [sp, #4]
878012b0:	9800      	ldr	r0, [sp, #0]
878012b2:	b130      	cbz	r0, 878012c2 <number+0x76>
878012b4:	9832      	ldr	r0, [sp, #200]	; 0xc8
878012b6:	2810      	cmp	r0, #16
878012b8:	f000 80c4 	beq.w	87801444 <number+0x1f8>
878012bc:	9833      	ldr	r0, [sp, #204]	; 0xcc
878012be:	3801      	subs	r0, #1
878012c0:	9033      	str	r0, [sp, #204]	; 0xcc
878012c2:	ea52 0003 	orrs.w	r0, r2, r3
878012c6:	d17b      	bne.n	878013c0 <number+0x174>
878012c8:	2200      	movs	r2, #0
878012ca:	2501      	movs	r5, #1
878012cc:	2330      	movs	r3, #48	; 0x30
878012ce:	f88d 303c 	strb.w	r3, [sp, #60]	; 0x3c
878012d2:	9b34      	ldr	r3, [sp, #208]	; 0xd0
878012d4:	9933      	ldr	r1, [sp, #204]	; 0xcc
878012d6:	42ab      	cmp	r3, r5
878012d8:	bfb8      	it	lt
878012da:	462b      	movlt	r3, r5
878012dc:	1ac8      	subs	r0, r1, r3
878012de:	9935      	ldr	r1, [sp, #212]	; 0xd4
878012e0:	f011 0f11 	tst.w	r1, #17
878012e4:	d10f      	bne.n	87801306 <number+0xba>
878012e6:	f1b0 0e01 	subs.w	lr, r0, #1
878012ea:	f100 81c5 	bmi.w	87801678 <number+0x42c>
878012ee:	1821      	adds	r1, r4, r0
878012f0:	2720      	movs	r7, #32
878012f2:	42a6      	cmp	r6, r4
878012f4:	f104 0401 	add.w	r4, r4, #1
878012f8:	bf88      	it	hi
878012fa:	f804 7c01 	strbhi.w	r7, [r4, #-1]
878012fe:	428c      	cmp	r4, r1
87801300:	d1f7      	bne.n	878012f2 <number+0xa6>
87801302:	ebc0 000e 	rsb	r0, r0, lr
87801306:	9901      	ldr	r1, [sp, #4]
87801308:	b139      	cbz	r1, 8780131a <number+0xce>
8780130a:	42b4      	cmp	r4, r6
8780130c:	f104 0401 	add.w	r4, r4, #1
87801310:	bf3c      	itt	cc
87801312:	f89d 1004 	ldrbcc.w	r1, [sp, #4]
87801316:	f804 1c01 	strbcc.w	r1, [r4, #-1]
8780131a:	9900      	ldr	r1, [sp, #0]
8780131c:	b149      	cbz	r1, 87801332 <number+0xe6>
8780131e:	9f32      	ldr	r7, [sp, #200]	; 0xc8
87801320:	42b4      	cmp	r4, r6
87801322:	bf3c      	itt	cc
87801324:	2130      	movcc	r1, #48	; 0x30
87801326:	7021      	strbcc	r1, [r4, #0]
87801328:	1c61      	adds	r1, r4, #1
8780132a:	2f10      	cmp	r7, #16
8780132c:	bf18      	it	ne
8780132e:	460c      	movne	r4, r1
87801330:	d07f      	beq.n	87801432 <number+0x1e6>
87801332:	9902      	ldr	r1, [sp, #8]
87801334:	b999      	cbnz	r1, 8780135e <number+0x112>
87801336:	9935      	ldr	r1, [sp, #212]	; 0xd4
87801338:	f011 0f01 	tst.w	r1, #1
8780133c:	bf14      	ite	ne
8780133e:	2130      	movne	r1, #48	; 0x30
87801340:	2120      	moveq	r1, #32
87801342:	1e47      	subs	r7, r0, #1
87801344:	f100 819a 	bmi.w	8780167c <number+0x430>
87801348:	4420      	add	r0, r4
8780134a:	42a6      	cmp	r6, r4
8780134c:	f104 0401 	add.w	r4, r4, #1
87801350:	bf88      	it	hi
87801352:	f804 1c01 	strbhi.w	r1, [r4, #-1]
87801356:	4284      	cmp	r4, r0
87801358:	d1f7      	bne.n	8780134a <number+0xfe>
8780135a:	f04f 30ff 	mov.w	r0, #4294967295	; 0xffffffff
8780135e:	429d      	cmp	r5, r3
87801360:	f280 811f 	bge.w	878015a2 <number+0x356>
87801364:	1b5b      	subs	r3, r3, r5
87801366:	2130      	movs	r1, #48	; 0x30
87801368:	4423      	add	r3, r4
8780136a:	42a6      	cmp	r6, r4
8780136c:	f104 0401 	add.w	r4, r4, #1
87801370:	bf88      	it	hi
87801372:	f804 1c01 	strbhi.w	r1, [r4, #-1]
87801376:	429c      	cmp	r4, r3
87801378:	d1f7      	bne.n	8780136a <number+0x11e>
8780137a:	2a00      	cmp	r2, #0
8780137c:	f2c0 810d 	blt.w	8780159a <number+0x34e>
87801380:	1c51      	adds	r1, r2, #1
87801382:	ac0f      	add	r4, sp, #60	; 0x3c
87801384:	4422      	add	r2, r4
87801386:	4419      	add	r1, r3
87801388:	429e      	cmp	r6, r3
8780138a:	f103 0301 	add.w	r3, r3, #1
8780138e:	bf88      	it	hi
87801390:	7814      	ldrbhi	r4, [r2, #0]
87801392:	f102 32ff 	add.w	r2, r2, #4294967295	; 0xffffffff
87801396:	bf88      	it	hi
87801398:	f803 4c01 	strbhi.w	r4, [r3, #-1]
8780139c:	428b      	cmp	r3, r1
8780139e:	d1f3      	bne.n	87801388 <number+0x13c>
878013a0:	2800      	cmp	r0, #0
878013a2:	f340 80fc 	ble.w	8780159e <number+0x352>
878013a6:	4408      	add	r0, r1
878013a8:	2320      	movs	r3, #32
878013aa:	428e      	cmp	r6, r1
878013ac:	f101 0101 	add.w	r1, r1, #1
878013b0:	bf88      	it	hi
878013b2:	f801 3c01 	strbhi.w	r3, [r1, #-1]
878013b6:	4281      	cmp	r1, r0
878013b8:	d1f7      	bne.n	878013aa <number+0x15e>
878013ba:	b029      	add	sp, #164	; 0xa4
878013bc:	e8bd 8ff0 	ldmia.w	sp!, {r4, r5, r6, r7, r8, r9, sl, fp, pc}
878013c0:	2900      	cmp	r1, #0
878013c2:	d053      	beq.n	8780146c <number+0x220>
878013c4:	9932      	ldr	r1, [sp, #200]	; 0xc8
878013c6:	2910      	cmp	r1, #16
878013c8:	f101 3cff 	add.w	ip, r1, #4294967295	; 0xffffffff
878013cc:	bf12      	itee	ne
878013ce:	2003      	movne	r0, #3
878013d0:	f04f 0c0f 	moveq.w	ip, #15
878013d4:	2004      	moveq	r0, #4
878013d6:	f642 3944 	movw	r9, #11076	; 0x2b44
878013da:	f10d 073b 	add.w	r7, sp, #59	; 0x3b
878013de:	f2c8 7980 	movt	r9, #34688	; 0x8780
878013e2:	2500      	movs	r5, #0
878013e4:	f1c0 0a20 	rsb	sl, r0, #32
878013e8:	fa5f fb82 	uxtb.w	fp, r2
878013ec:	fa22 f100 	lsr.w	r1, r2, r0
878013f0:	fa43 fe00 	asr.w	lr, r3, r0
878013f4:	ea0b 020c 	and.w	r2, fp, ip
878013f8:	f819 b002 	ldrb.w	fp, [r9, r2]
878013fc:	fa03 f20a 	lsl.w	r2, r3, sl
87801400:	3501      	adds	r5, #1
87801402:	4311      	orrs	r1, r2
87801404:	f1b0 0220 	subs.w	r2, r0, #32
87801408:	fa43 f202 	asr.w	r2, r3, r2
8780140c:	ea48 030b 	orr.w	r3, r8, fp
87801410:	f807 3f01 	strb.w	r3, [r7, #1]!
87801414:	4673      	mov	r3, lr
87801416:	bf58      	it	pl
87801418:	4311      	orrpl	r1, r2
8780141a:	460a      	mov	r2, r1
8780141c:	ea52 0103 	orrs.w	r1, r2, r3
87801420:	d1e2      	bne.n	878013e8 <number+0x19c>
87801422:	1e6a      	subs	r2, r5, #1
87801424:	e755      	b.n	878012d2 <number+0x86>
87801426:	9833      	ldr	r0, [sp, #204]	; 0xcc
87801428:	3801      	subs	r0, #1
8780142a:	9033      	str	r0, [sp, #204]	; 0xcc
8780142c:	202b      	movs	r0, #43	; 0x2b
8780142e:	9001      	str	r0, [sp, #4]
87801430:	e73e      	b.n	878012b0 <number+0x64>
87801432:	428e      	cmp	r6, r1
87801434:	f104 0402 	add.w	r4, r4, #2
87801438:	bf84      	itt	hi
8780143a:	f048 0858 	orrhi.w	r8, r8, #88	; 0x58
8780143e:	f804 8c01 	strbhi.w	r8, [r4, #-1]
87801442:	e776      	b.n	87801332 <number+0xe6>
87801444:	9933      	ldr	r1, [sp, #204]	; 0xcc
87801446:	3902      	subs	r1, #2
87801448:	9133      	str	r1, [sp, #204]	; 0xcc
8780144a:	ea52 0103 	orrs.w	r1, r2, r3
8780144e:	bf1c      	itt	ne
87801450:	f04f 0c0f 	movne.w	ip, #15
87801454:	2004      	movne	r0, #4
87801456:	d1be      	bne.n	878013d6 <number+0x18a>
87801458:	e736      	b.n	878012c8 <number+0x7c>
8780145a:	9833      	ldr	r0, [sp, #204]	; 0xcc
8780145c:	4252      	negs	r2, r2
8780145e:	eb63 0343 	sbc.w	r3, r3, r3, lsl #1
87801462:	3801      	subs	r0, #1
87801464:	9033      	str	r0, [sp, #204]	; 0xcc
87801466:	202d      	movs	r0, #45	; 0x2d
87801468:	9001      	str	r0, [sp, #4]
8780146a:	e721      	b.n	878012b0 <number+0x64>
8780146c:	4692      	mov	sl, r2
8780146e:	469b      	mov	fp, r3
87801470:	f248 629f 	movw	r2, #34463	; 0x869f
87801474:	2300      	movs	r3, #0
87801476:	f2c0 0201 	movt	r2, #1
8780147a:	455b      	cmp	r3, fp
8780147c:	bf08      	it	eq
8780147e:	4552      	cmpeq	r2, sl
87801480:	e9cd ab0c 	strd	sl, fp, [sp, #48]	; 0x30
87801484:	f080 80fc 	bcs.w	87801680 <number+0x434>
87801488:	f248 61a0 	movw	r1, #34464	; 0x86a0
8780148c:	f645 20c5 	movw	r0, #23237	; 0x5ac5
87801490:	f2c0 0101 	movt	r1, #1
87801494:	f6c0 207c 	movt	r0, #2684	; 0xa7c
87801498:	f10d 0541 	add.w	r5, sp, #65	; 0x41
8780149c:	e9cd 2304 	strd	r2, r3, [sp, #16]
878014a0:	9106      	str	r1, [sp, #24]
878014a2:	462f      	mov	r7, r5
878014a4:	9003      	str	r0, [sp, #12]
878014a6:	f8cd 801c 	str.w	r8, [sp, #28]
878014aa:	9408      	str	r4, [sp, #32]
878014ac:	9609      	str	r6, [sp, #36]	; 0x24
878014ae:	e060      	b.n	87801572 <number+0x326>
878014b0:	9a06      	ldr	r2, [sp, #24]
878014b2:	09d8      	lsrs	r0, r3, #7
878014b4:	f04f 0b00 	mov.w	fp, #0
878014b8:	4603      	mov	r3, r0
878014ba:	fb02 a010 	mls	r0, r2, r0, sl
878014be:	469a      	mov	sl, r3
878014c0:	e9cd ab0c 	strd	sl, fp, [sp, #48]	; 0x30
878014c4:	f3c0 1803 	ubfx	r8, r0, #4, #4
878014c8:	f3c0 2303 	ubfx	r3, r0, #8, #4
878014cc:	0b02      	lsrs	r2, r0, #12
878014ce:	eb08 0103 	add.w	r1, r8, r3
878014d2:	f000 0e0f 	and.w	lr, r0, #15
878014d6:	eb03 0c83 	add.w	ip, r3, r3, lsl #2
878014da:	4411      	add	r1, r2
878014dc:	eb02 00c2 	add.w	r0, r2, r2, lsl #3
878014e0:	00ce      	lsls	r6, r1, #3
878014e2:	4440      	add	r0, r8
878014e4:	eba6 0141 	sub.w	r1, r6, r1, lsl #1
878014e8:	26cd      	movs	r6, #205	; 0xcd
878014ea:	4460      	add	r0, ip
878014ec:	4471      	add	r1, lr
878014ee:	46bc      	mov	ip, r7
878014f0:	fb06 f901 	mul.w	r9, r6, r1
878014f4:	3705      	adds	r7, #5
878014f6:	ea4f 29d9 	mov.w	r9, r9, lsr #11
878014fa:	4448      	add	r0, r9
878014fc:	ea4f 0ec9 	mov.w	lr, r9, lsl #3
87801500:	fb06 f800 	mul.w	r8, r6, r0
87801504:	eb0e 0e49 	add.w	lr, lr, r9, lsl #1
87801508:	ebce 0101 	rsb	r1, lr, r1
8780150c:	ea4f 28d8 	mov.w	r8, r8, lsr #11
87801510:	3130      	adds	r1, #48	; 0x30
87801512:	f807 1c0a 	strb.w	r1, [r7, #-10]
87801516:	eb08 0343 	add.w	r3, r8, r3, lsl #1
8780151a:	ea4f 0ec8 	mov.w	lr, r8, lsl #3
8780151e:	0119      	lsls	r1, r3, #4
87801520:	eb0e 0848 	add.w	r8, lr, r8, lsl #1
87801524:	eba1 0183 	sub.w	r1, r1, r3, lsl #2
87801528:	ebc8 0800 	rsb	r8, r8, r0
8780152c:	f108 0030 	add.w	r0, r8, #48	; 0x30
87801530:	4419      	add	r1, r3
87801532:	f807 0c09 	strb.w	r0, [r7, #-9]
87801536:	09c9      	lsrs	r1, r1, #7
87801538:	eb01 0282 	add.w	r2, r1, r2, lsl #2
8780153c:	00c8      	lsls	r0, r1, #3
8780153e:	fb06 f602 	mul.w	r6, r6, r2
87801542:	eb00 0141 	add.w	r1, r0, r1, lsl #1
87801546:	1a5b      	subs	r3, r3, r1
87801548:	3330      	adds	r3, #48	; 0x30
8780154a:	0af6      	lsrs	r6, r6, #11
8780154c:	f807 3c08 	strb.w	r3, [r7, #-8]
87801550:	00f3      	lsls	r3, r6, #3
87801552:	f106 0130 	add.w	r1, r6, #48	; 0x30
87801556:	f807 1c06 	strb.w	r1, [r7, #-6]
8780155a:	eb03 0646 	add.w	r6, r3, r6, lsl #1
8780155e:	1b92      	subs	r2, r2, r6
87801560:	3230      	adds	r2, #48	; 0x30
87801562:	f807 2c07 	strb.w	r2, [r7, #-7]
87801566:	e9dd 2304 	ldrd	r2, r3, [sp, #16]
8780156a:	455b      	cmp	r3, fp
8780156c:	bf08      	it	eq
8780156e:	4552      	cmpeq	r2, sl
87801570:	d219      	bcs.n	878015a6 <number+0x35a>
87801572:	9b03      	ldr	r3, [sp, #12]
87801574:	465c      	mov	r4, fp
87801576:	2500      	movs	r5, #0
87801578:	ea4f 125a 	mov.w	r2, sl, lsr #5
8780157c:	ea54 0105 	orrs.w	r1, r4, r5
87801580:	fba2 2303 	umull	r2, r3, r2, r3
87801584:	d094      	beq.n	878014b0 <number+0x264>
87801586:	f248 61a0 	movw	r1, #34464	; 0x86a0
8780158a:	a80c      	add	r0, sp, #48	; 0x30
8780158c:	f2c0 0101 	movt	r1, #1
87801590:	f7ff fbc2 	bl	87800d18 <__div64_32>
87801594:	e9dd ab0c 	ldrd	sl, fp, [sp, #48]	; 0x30
87801598:	e794      	b.n	878014c4 <number+0x278>
8780159a:	4619      	mov	r1, r3
8780159c:	e700      	b.n	878013a0 <number+0x154>
8780159e:	4608      	mov	r0, r1
878015a0:	e70b      	b.n	878013ba <number+0x16e>
878015a2:	4623      	mov	r3, r4
878015a4:	e6e9      	b.n	8780137a <number+0x12e>
878015a6:	f8dd 801c 	ldr.w	r8, [sp, #28]
878015aa:	ab0f      	add	r3, sp, #60	; 0x3c
878015ac:	9c08      	ldr	r4, [sp, #32]
878015ae:	9e09      	ldr	r6, [sp, #36]	; 0x24
878015b0:	9303      	str	r3, [sp, #12]
878015b2:	f3ca 1303 	ubfx	r3, sl, #4, #4
878015b6:	f3ca 2903 	ubfx	r9, sl, #8, #4
878015ba:	ea4f 3e1a 	mov.w	lr, sl, lsr #12
878015be:	eb03 0209 	add.w	r2, r3, r9
878015c2:	f00a 070f 	and.w	r7, sl, #15
878015c6:	eb09 0589 	add.w	r5, r9, r9, lsl #2
878015ca:	4472      	add	r2, lr
878015cc:	eb0e 00ce 	add.w	r0, lr, lr, lsl #3
878015d0:	00d1      	lsls	r1, r2, #3
878015d2:	f04f 0acd 	mov.w	sl, #205	; 0xcd
878015d6:	4403      	add	r3, r0
878015d8:	eba1 0142 	sub.w	r1, r1, r2, lsl #1
878015dc:	442b      	add	r3, r5
878015de:	4439      	add	r1, r7
878015e0:	fb0a f201 	mul.w	r2, sl, r1
878015e4:	0ad2      	lsrs	r2, r2, #11
878015e6:	00d0      	lsls	r0, r2, #3
878015e8:	eb00 0042 	add.w	r0, r0, r2, lsl #1
878015ec:	189a      	adds	r2, r3, r2
878015ee:	bf08      	it	eq
878015f0:	f10c 0501 	addeq.w	r5, ip, #1
878015f4:	eba1 0100 	sub.w	r1, r1, r0
878015f8:	f101 0130 	add.w	r1, r1, #48	; 0x30
878015fc:	f88c 1000 	strb.w	r1, [ip]
87801600:	d037      	beq.n	87801672 <number+0x426>
87801602:	fb0a f102 	mul.w	r1, sl, r2
87801606:	0ac9      	lsrs	r1, r1, #11
87801608:	00c8      	lsls	r0, r1, #3
8780160a:	eb01 0349 	add.w	r3, r1, r9, lsl #1
8780160e:	eb00 0141 	add.w	r1, r0, r1, lsl #1
87801612:	1a52      	subs	r2, r2, r1
87801614:	3230      	adds	r2, #48	; 0x30
87801616:	f88c 2001 	strb.w	r2, [ip, #1]
8780161a:	ea53 020e 	orrs.w	r2, r3, lr
8780161e:	bf08      	it	eq
87801620:	f10c 0502 	addeq.w	r5, ip, #2
87801624:	d025      	beq.n	87801672 <number+0x426>
87801626:	011a      	lsls	r2, r3, #4
87801628:	eba2 0283 	sub.w	r2, r2, r3, lsl #2
8780162c:	441a      	add	r2, r3
8780162e:	09d2      	lsrs	r2, r2, #7
87801630:	00d1      	lsls	r1, r2, #3
87801632:	eb01 0142 	add.w	r1, r1, r2, lsl #1
87801636:	eb12 028e 	adds.w	r2, r2, lr, lsl #2
8780163a:	eba3 0301 	sub.w	r3, r3, r1
8780163e:	bf08      	it	eq
87801640:	f10c 0503 	addeq.w	r5, ip, #3
87801644:	f103 0330 	add.w	r3, r3, #48	; 0x30
87801648:	f88c 3002 	strb.w	r3, [ip, #2]
8780164c:	d011      	beq.n	87801672 <number+0x426>
8780164e:	fb0a f302 	mul.w	r3, sl, r2
87801652:	f10c 0504 	add.w	r5, ip, #4
87801656:	0adb      	lsrs	r3, r3, #11
87801658:	00d9      	lsls	r1, r3, #3
8780165a:	eb01 0143 	add.w	r1, r1, r3, lsl #1
8780165e:	1a52      	subs	r2, r2, r1
87801660:	3230      	adds	r2, #48	; 0x30
87801662:	f88c 2003 	strb.w	r2, [ip, #3]
87801666:	b123      	cbz	r3, 87801672 <number+0x426>
87801668:	f10c 0505 	add.w	r5, ip, #5
8780166c:	3330      	adds	r3, #48	; 0x30
8780166e:	f88c 3004 	strb.w	r3, [ip, #4]
87801672:	9b03      	ldr	r3, [sp, #12]
87801674:	1aed      	subs	r5, r5, r3
87801676:	e6d4      	b.n	87801422 <number+0x1d6>
87801678:	4670      	mov	r0, lr
8780167a:	e644      	b.n	87801306 <number+0xba>
8780167c:	4638      	mov	r0, r7
8780167e:	e66e      	b.n	8780135e <number+0x112>
87801680:	ab0f      	add	r3, sp, #60	; 0x3c
87801682:	9303      	str	r3, [sp, #12]
87801684:	469c      	mov	ip, r3
87801686:	e794      	b.n	878015b2 <number+0x366>

87801688 <simple_strtoul>:
87801688:	b5f0      	push	{r4, r5, r6, r7, lr}
8780168a:	4606      	mov	r6, r0
8780168c:	b96a      	cbnz	r2, 878016aa <simple_strtoul+0x22>
8780168e:	7804      	ldrb	r4, [r0, #0]
87801690:	2c30      	cmp	r4, #48	; 0x30
87801692:	d043      	beq.n	8780171c <simple_strtoul+0x94>
87801694:	f642 3774 	movw	r7, #11124	; 0x2b74
87801698:	4623      	mov	r3, r4
8780169a:	f2c8 7780 	movt	r7, #34688	; 0x8780
8780169e:	220a      	movs	r2, #10
878016a0:	f817 e004 	ldrb.w	lr, [r7, r4]
878016a4:	f00e 0544 	and.w	r5, lr, #68	; 0x44
878016a8:	e00b      	b.n	878016c2 <simple_strtoul+0x3a>
878016aa:	2a10      	cmp	r2, #16
878016ac:	d029      	beq.n	87801702 <simple_strtoul+0x7a>
878016ae:	7803      	ldrb	r3, [r0, #0]
878016b0:	f642 3774 	movw	r7, #11124	; 0x2b74
878016b4:	f2c8 7780 	movt	r7, #34688	; 0x8780
878016b8:	f817 e003 	ldrb.w	lr, [r7, r3]
878016bc:	461c      	mov	r4, r3
878016be:	f00e 0544 	and.w	r5, lr, #68	; 0x44
878016c2:	4628      	mov	r0, r5
878016c4:	b1d5      	cbz	r5, 878016fc <simple_strtoul+0x74>
878016c6:	2000      	movs	r0, #0
878016c8:	e009      	b.n	878016de <simple_strtoul+0x56>
878016ca:	f816 3f01 	ldrb.w	r3, [r6, #1]!
878016ce:	fb02 4000 	mla	r0, r2, r0, r4
878016d2:	f817 e003 	ldrb.w	lr, [r7, r3]
878016d6:	461c      	mov	r4, r3
878016d8:	f01e 0f44 	tst.w	lr, #68	; 0x44
878016dc:	d00e      	beq.n	878016fc <simple_strtoul+0x74>
878016de:	f01e 0f04 	tst.w	lr, #4
878016e2:	f1a4 0430 	sub.w	r4, r4, #48	; 0x30
878016e6:	d107      	bne.n	878016f8 <simple_strtoul+0x70>
878016e8:	f1a3 0420 	sub.w	r4, r3, #32
878016ec:	f01e 0f02 	tst.w	lr, #2
878016f0:	bf18      	it	ne
878016f2:	b2e3      	uxtbne	r3, r4
878016f4:	f1a3 0437 	sub.w	r4, r3, #55	; 0x37
878016f8:	4294      	cmp	r4, r2
878016fa:	d3e6      	bcc.n	878016ca <simple_strtoul+0x42>
878016fc:	b101      	cbz	r1, 87801700 <simple_strtoul+0x78>
878016fe:	600e      	str	r6, [r1, #0]
87801700:	bdf0      	pop	{r4, r5, r6, r7, pc}
87801702:	7804      	ldrb	r4, [r0, #0]
87801704:	2c30      	cmp	r4, #48	; 0x30
87801706:	d020      	beq.n	8780174a <simple_strtoul+0xc2>
87801708:	f642 3774 	movw	r7, #11124	; 0x2b74
8780170c:	4623      	mov	r3, r4
8780170e:	f2c8 7780 	movt	r7, #34688	; 0x8780
87801712:	f817 e004 	ldrb.w	lr, [r7, r4]
87801716:	f00e 0544 	and.w	r5, lr, #68	; 0x44
8780171a:	e7d2      	b.n	878016c2 <simple_strtoul+0x3a>
8780171c:	7843      	ldrb	r3, [r0, #1]
8780171e:	f642 3774 	movw	r7, #11124	; 0x2b74
87801722:	f2c8 7780 	movt	r7, #34688	; 0x8780
87801726:	3001      	adds	r0, #1
87801728:	f817 e003 	ldrb.w	lr, [r7, r3]
8780172c:	461c      	mov	r4, r3
8780172e:	f01e 0f02 	tst.w	lr, #2
87801732:	bf16      	itet	ne
87801734:	f1a3 0220 	subne.w	r2, r3, #32
87801738:	461a      	moveq	r2, r3
8780173a:	b2d2      	uxtbne	r2, r2
8780173c:	2a58      	cmp	r2, #88	; 0x58
8780173e:	d01d      	beq.n	8780177c <simple_strtoul+0xf4>
87801740:	4606      	mov	r6, r0
87801742:	f00e 0544 	and.w	r5, lr, #68	; 0x44
87801746:	2208      	movs	r2, #8
87801748:	e7bb      	b.n	878016c2 <simple_strtoul+0x3a>
8780174a:	7843      	ldrb	r3, [r0, #1]
8780174c:	f642 3774 	movw	r7, #11124	; 0x2b74
87801750:	f2c8 7780 	movt	r7, #34688	; 0x8780
87801754:	5cf8      	ldrb	r0, [r7, r3]
87801756:	0780      	lsls	r0, r0, #30
87801758:	bf44      	itt	mi
8780175a:	3b20      	submi	r3, #32
8780175c:	b2db      	uxtbmi	r3, r3
8780175e:	2b58      	cmp	r3, #88	; 0x58
87801760:	bf0f      	iteee	eq
87801762:	78b3      	ldrbeq	r3, [r6, #2]
87801764:	2430      	movne	r4, #48	; 0x30
87801766:	f897 e030 	ldrbne.w	lr, [r7, #48]	; 0x30
8780176a:	4623      	movne	r3, r4
8780176c:	bf02      	ittt	eq
8780176e:	3602      	addeq	r6, #2
87801770:	f817 e003 	ldrbeq.w	lr, [r7, r3]
87801774:	461c      	moveq	r4, r3
87801776:	f00e 0544 	and.w	r5, lr, #68	; 0x44
8780177a:	e7a2      	b.n	878016c2 <simple_strtoul+0x3a>
8780177c:	78b5      	ldrb	r5, [r6, #2]
8780177e:	5d7a      	ldrb	r2, [r7, r5]
87801780:	f012 0f44 	tst.w	r2, #68	; 0x44
87801784:	d0dc      	beq.n	87801740 <simple_strtoul+0xb8>
87801786:	4696      	mov	lr, r2
87801788:	462c      	mov	r4, r5
8780178a:	3602      	adds	r6, #2
8780178c:	462b      	mov	r3, r5
8780178e:	2210      	movs	r2, #16
87801790:	e799      	b.n	878016c6 <simple_strtoul+0x3e>
87801792:	bf00      	nop

87801794 <simple_strtol>:
87801794:	b510      	push	{r4, lr}
87801796:	7804      	ldrb	r4, [r0, #0]
87801798:	2c2d      	cmp	r4, #45	; 0x2d
8780179a:	d003      	beq.n	878017a4 <simple_strtol+0x10>
8780179c:	e8bd 4010 	ldmia.w	sp!, {r4, lr}
878017a0:	f7ff bf72 	b.w	87801688 <simple_strtoul>
878017a4:	3001      	adds	r0, #1
878017a6:	f7ff ff6f 	bl	87801688 <simple_strtoul>
878017aa:	4240      	negs	r0, r0
878017ac:	bd10      	pop	{r4, pc}
878017ae:	bf00      	nop

878017b0 <simple_strtoull>:
878017b0:	e92d 4ff0 	stmdb	sp!, {r4, r5, r6, r7, r8, r9, sl, fp, lr}
878017b4:	4684      	mov	ip, r0
878017b6:	468a      	mov	sl, r1
878017b8:	4616      	mov	r6, r2
878017ba:	2a00      	cmp	r2, #0
878017bc:	d13f      	bne.n	8780183e <simple_strtoull+0x8e>
878017be:	7802      	ldrb	r2, [r0, #0]
878017c0:	2a30      	cmp	r2, #48	; 0x30
878017c2:	d056      	beq.n	87801872 <simple_strtoull+0xc2>
878017c4:	f642 3b74 	movw	fp, #11124	; 0x2b74
878017c8:	4613      	mov	r3, r2
878017ca:	f2c8 7b80 	movt	fp, #34688	; 0x8780
878017ce:	260a      	movs	r6, #10
878017d0:	f81b e002 	ldrb.w	lr, [fp, r2]
878017d4:	f00e 0144 	and.w	r1, lr, #68	; 0x44
878017d8:	2900      	cmp	r1, #0
878017da:	d061      	beq.n	878018a0 <simple_strtoull+0xf0>
878017dc:	2700      	movs	r7, #0
878017de:	2000      	movs	r0, #0
878017e0:	2100      	movs	r1, #0
878017e2:	e00e      	b.n	87801802 <simple_strtoull+0x52>
878017e4:	f81c 3f01 	ldrb.w	r3, [ip, #1]!
878017e8:	fb06 2101 	mla	r1, r6, r1, r2
878017ec:	eb14 0008 	adds.w	r0, r4, r8
878017f0:	f81b e003 	ldrb.w	lr, [fp, r3]
878017f4:	461a      	mov	r2, r3
878017f6:	4489      	add	r9, r1
878017f8:	eb45 0109 	adc.w	r1, r5, r9
878017fc:	f01e 0f44 	tst.w	lr, #68	; 0x44
87801800:	d016      	beq.n	87801830 <simple_strtoull+0x80>
87801802:	f01e 0f04 	tst.w	lr, #4
87801806:	f1a2 0430 	sub.w	r4, r2, #48	; 0x30
8780180a:	d108      	bne.n	8780181e <simple_strtoull+0x6e>
8780180c:	3b20      	subs	r3, #32
8780180e:	f01e 0f02 	tst.w	lr, #2
87801812:	b2db      	uxtb	r3, r3
87801814:	f1a2 0437 	sub.w	r4, r2, #55	; 0x37
87801818:	bf18      	it	ne
8780181a:	f1a3 0437 	subne.w	r4, r3, #55	; 0x37
8780181e:	17e5      	asrs	r5, r4, #31
87801820:	fb00 f207 	mul.w	r2, r0, r7
87801824:	42bd      	cmp	r5, r7
87801826:	fba0 8906 	umull	r8, r9, r0, r6
8780182a:	bf08      	it	eq
8780182c:	42b4      	cmpeq	r4, r6
8780182e:	d3d9      	bcc.n	878017e4 <simple_strtoull+0x34>
87801830:	f1ba 0f00 	cmp.w	sl, #0
87801834:	d001      	beq.n	8780183a <simple_strtoull+0x8a>
87801836:	f8ca c000 	str.w	ip, [sl]
8780183a:	e8bd 8ff0 	ldmia.w	sp!, {r4, r5, r6, r7, r8, r9, sl, fp, pc}
8780183e:	2a10      	cmp	r2, #16
87801840:	d00a      	beq.n	87801858 <simple_strtoull+0xa8>
87801842:	7803      	ldrb	r3, [r0, #0]
87801844:	f642 3b74 	movw	fp, #11124	; 0x2b74
87801848:	f2c8 7b80 	movt	fp, #34688	; 0x8780
8780184c:	f81b e003 	ldrb.w	lr, [fp, r3]
87801850:	461a      	mov	r2, r3
87801852:	f00e 0144 	and.w	r1, lr, #68	; 0x44
87801856:	e7bf      	b.n	878017d8 <simple_strtoull+0x28>
87801858:	7802      	ldrb	r2, [r0, #0]
8780185a:	2a30      	cmp	r2, #48	; 0x30
8780185c:	d031      	beq.n	878018c2 <simple_strtoull+0x112>
8780185e:	f642 3b74 	movw	fp, #11124	; 0x2b74
87801862:	4613      	mov	r3, r2
87801864:	f2c8 7b80 	movt	fp, #34688	; 0x8780
87801868:	f81b e002 	ldrb.w	lr, [fp, r2]
8780186c:	f00e 0144 	and.w	r1, lr, #68	; 0x44
87801870:	e7b2      	b.n	878017d8 <simple_strtoull+0x28>
87801872:	7843      	ldrb	r3, [r0, #1]
87801874:	f642 3b74 	movw	fp, #11124	; 0x2b74
87801878:	f2c8 7b80 	movt	fp, #34688	; 0x8780
8780187c:	3001      	adds	r0, #1
8780187e:	f81b e003 	ldrb.w	lr, [fp, r3]
87801882:	461a      	mov	r2, r3
87801884:	f01e 0f02 	tst.w	lr, #2
87801888:	bf16      	itet	ne
8780188a:	f1a3 0120 	subne.w	r1, r3, #32
8780188e:	4619      	moveq	r1, r3
87801890:	b2c9      	uxtbne	r1, r1
87801892:	2958      	cmp	r1, #88	; 0x58
87801894:	d007      	beq.n	878018a6 <simple_strtoull+0xf6>
87801896:	4684      	mov	ip, r0
87801898:	f00e 0144 	and.w	r1, lr, #68	; 0x44
8780189c:	2608      	movs	r6, #8
8780189e:	e79b      	b.n	878017d8 <simple_strtoull+0x28>
878018a0:	2000      	movs	r0, #0
878018a2:	2100      	movs	r1, #0
878018a4:	e7c4      	b.n	87801830 <simple_strtoull+0x80>
878018a6:	f89c 4002 	ldrb.w	r4, [ip, #2]
878018aa:	f81b 1004 	ldrb.w	r1, [fp, r4]
878018ae:	f011 0f44 	tst.w	r1, #68	; 0x44
878018b2:	d0f0      	beq.n	87801896 <simple_strtoull+0xe6>
878018b4:	4622      	mov	r2, r4
878018b6:	f10c 0c02 	add.w	ip, ip, #2
878018ba:	468e      	mov	lr, r1
878018bc:	4623      	mov	r3, r4
878018be:	2610      	movs	r6, #16
878018c0:	e78c      	b.n	878017dc <simple_strtoull+0x2c>
878018c2:	7843      	ldrb	r3, [r0, #1]
878018c4:	f642 3b74 	movw	fp, #11124	; 0x2b74
878018c8:	f2c8 7b80 	movt	fp, #34688	; 0x8780
878018cc:	f81b 2003 	ldrb.w	r2, [fp, r3]
878018d0:	0792      	lsls	r2, r2, #30
878018d2:	bf44      	itt	mi
878018d4:	3b20      	submi	r3, #32
878018d6:	b2db      	uxtbmi	r3, r3
878018d8:	2b58      	cmp	r3, #88	; 0x58
878018da:	bf0f      	iteee	eq
878018dc:	7883      	ldrbeq	r3, [r0, #2]
878018de:	2230      	movne	r2, #48	; 0x30
878018e0:	f89b e030 	ldrbne.w	lr, [fp, #48]	; 0x30
878018e4:	4613      	movne	r3, r2
878018e6:	bf02      	ittt	eq
878018e8:	f100 0c02 	addeq.w	ip, r0, #2
878018ec:	f81b e003 	ldrbeq.w	lr, [fp, r3]
878018f0:	461a      	moveq	r2, r3
878018f2:	f00e 0144 	and.w	r1, lr, #68	; 0x44
878018f6:	e76f      	b.n	878017d8 <simple_strtoull+0x28>

878018f8 <simple_strtoll>:
878018f8:	b510      	push	{r4, lr}
878018fa:	7804      	ldrb	r4, [r0, #0]
878018fc:	2c2d      	cmp	r4, #45	; 0x2d
878018fe:	d003      	beq.n	87801908 <simple_strtoll+0x10>
87801900:	e8bd 4010 	ldmia.w	sp!, {r4, lr}
87801904:	f7ff bf54 	b.w	878017b0 <simple_strtoull>
87801908:	3001      	adds	r0, #1
8780190a:	f7ff ff51 	bl	878017b0 <simple_strtoull>
8780190e:	4240      	negs	r0, r0
87801910:	eb61 0141 	sbc.w	r1, r1, r1, lsl #1
87801914:	bd10      	pop	{r4, pc}
87801916:	bf00      	nop

87801918 <vsnprintf>:
87801918:	e92d 4ff0 	stmdb	sp!, {r4, r5, r6, r7, r8, r9, sl, fp, lr}
8780191c:	f1b1 0b00 	subs.w	fp, r1, #0
87801920:	b089      	sub	sp, #36	; 0x24
87801922:	f2c0 82f6 	blt.w	87801f12 <vsnprintf+0x5fa>
87801926:	f10b 38ff 	add.w	r8, fp, #4294967295	; 0xffffffff
8780192a:	469a      	mov	sl, r3
8780192c:	4480      	add	r8, r0
8780192e:	1e43      	subs	r3, r0, #1
87801930:	4598      	cmp	r8, r3
87801932:	4605      	mov	r5, r0
87801934:	4614      	mov	r4, r2
87801936:	7810      	ldrb	r0, [r2, #0]
87801938:	f0c0 81c7 	bcc.w	87801cca <vsnprintf+0x3b2>
8780193c:	2800      	cmp	r0, #0
8780193e:	f000 82f3 	beq.w	87801f28 <vsnprintf+0x610>
87801942:	9505      	str	r5, [sp, #20]
87801944:	f642 3354 	movw	r3, #11092	; 0x2b54
87801948:	f642 3974 	movw	r9, #11124	; 0x2b74
8780194c:	f2c8 7380 	movt	r3, #34688	; 0x8780
87801950:	f2c8 7980 	movt	r9, #34688	; 0x8780
87801954:	9306      	str	r3, [sp, #24]
87801956:	e008      	b.n	8780196a <vsnprintf+0x52>
87801958:	45a8      	cmp	r8, r5
8780195a:	bf28      	it	cs
8780195c:	7028      	strbcs	r0, [r5, #0]
8780195e:	7860      	ldrb	r0, [r4, #1]
87801960:	3501      	adds	r5, #1
87801962:	3401      	adds	r4, #1
87801964:	2800      	cmp	r0, #0
87801966:	f000 8140 	beq.w	87801bea <vsnprintf+0x2d2>
8780196a:	2825      	cmp	r0, #37	; 0x25
8780196c:	bf08      	it	eq
8780196e:	2700      	moveq	r7, #0
87801970:	d1f2      	bne.n	87801958 <vsnprintf+0x40>
87801972:	7861      	ldrb	r1, [r4, #1]
87801974:	1c62      	adds	r2, r4, #1
87801976:	f1a1 0320 	sub.w	r3, r1, #32
8780197a:	2b10      	cmp	r3, #16
8780197c:	d81e      	bhi.n	878019bc <vsnprintf+0xa4>
8780197e:	e8df f003 	tbb	[pc, r3]
87801982:	151d1d19 	ldrne	r1, [sp, #-3353]	; 0xd19
87801986:	1d1d1d1d 	ldcne	13, cr1, [sp, #-116]	; 0xffffff8c
8780198a:	111d1d1d 	tstne	sp, sp, lsl sp
8780198e:	1d1d0d1d 	ldcne	13, cr0, [sp, #-116]	; 0xffffff8c
87801992:	f0470009 			; <UNDEFINED> instruction: 0xf0470009
87801996:	0701      	lsls	r1, r0, #28
87801998:	4614      	mov	r4, r2
8780199a:	e7ea      	b.n	87801972 <vsnprintf+0x5a>
8780199c:	f047 0710 	orr.w	r7, r7, #16
878019a0:	4614      	mov	r4, r2
878019a2:	e7e6      	b.n	87801972 <vsnprintf+0x5a>
878019a4:	f047 0704 	orr.w	r7, r7, #4
878019a8:	4614      	mov	r4, r2
878019aa:	e7e2      	b.n	87801972 <vsnprintf+0x5a>
878019ac:	f047 0720 	orr.w	r7, r7, #32
878019b0:	4614      	mov	r4, r2
878019b2:	e7de      	b.n	87801972 <vsnprintf+0x5a>
878019b4:	f047 0708 	orr.w	r7, r7, #8
878019b8:	4614      	mov	r4, r2
878019ba:	e7da      	b.n	87801972 <vsnprintf+0x5a>
878019bc:	f819 3001 	ldrb.w	r3, [r9, r1]
878019c0:	4608      	mov	r0, r1
878019c2:	075e      	lsls	r6, r3, #29
878019c4:	f140 80dd 	bpl.w	87801b82 <vsnprintf+0x26a>
878019c8:	2600      	movs	r6, #0
878019ca:	00f3      	lsls	r3, r6, #3
878019cc:	eb03 0646 	add.w	r6, r3, r6, lsl #1
878019d0:	4406      	add	r6, r0
878019d2:	f812 0f01 	ldrb.w	r0, [r2, #1]!
878019d6:	3e30      	subs	r6, #48	; 0x30
878019d8:	f819 3000 	ldrb.w	r3, [r9, r0]
878019dc:	075c      	lsls	r4, r3, #29
878019de:	d4f4      	bmi.n	878019ca <vsnprintf+0xb2>
878019e0:	4603      	mov	r3, r0
878019e2:	2b2e      	cmp	r3, #46	; 0x2e
878019e4:	bf18      	it	ne
878019e6:	f04f 31ff 	movne.w	r1, #4294967295	; 0xffffffff
878019ea:	f000 80e2 	beq.w	87801bb2 <vsnprintf+0x29a>
878019ee:	f003 00df 	and.w	r0, r3, #223	; 0xdf
878019f2:	285a      	cmp	r0, #90	; 0x5a
878019f4:	bf18      	it	ne
878019f6:	284c      	cmpne	r0, #76	; 0x4c
878019f8:	bf0c      	ite	eq
878019fa:	2001      	moveq	r0, #1
878019fc:	2000      	movne	r0, #0
878019fe:	2b68      	cmp	r3, #104	; 0x68
87801a00:	bf08      	it	eq
87801a02:	f040 0001 	orreq.w	r0, r0, #1
87801a06:	2800      	cmp	r0, #0
87801a08:	d15b      	bne.n	87801ac2 <vsnprintf+0x1aa>
87801a0a:	f04f 30ff 	mov.w	r0, #4294967295	; 0xffffffff
87801a0e:	3b25      	subs	r3, #37	; 0x25
87801a10:	2b53      	cmp	r3, #83	; 0x53
87801a12:	f200 8234 	bhi.w	87801e7e <vsnprintf+0x566>
87801a16:	e8df f013 	tbh	[pc, r3, lsl #1]
87801a1a:	023201e7 	eorseq	r0, r2, #-1073741767	; 0xc0000039
87801a1e:	02320232 	eorseq	r0, r2, #536870915	; 0x20000003
87801a22:	02320232 	eorseq	r0, r2, #536870915	; 0x20000003
87801a26:	02320232 	eorseq	r0, r2, #536870915	; 0x20000003
87801a2a:	02320232 	eorseq	r0, r2, #536870915	; 0x20000003
87801a2e:	02320232 	eorseq	r0, r2, #536870915	; 0x20000003
87801a32:	02320232 	eorseq	r0, r2, #536870915	; 0x20000003
87801a36:	02320232 	eorseq	r0, r2, #536870915	; 0x20000003
87801a3a:	02320232 	eorseq	r0, r2, #536870915	; 0x20000003
87801a3e:	02320232 	eorseq	r0, r2, #536870915	; 0x20000003
87801a42:	02320232 	eorseq	r0, r2, #536870915	; 0x20000003
87801a46:	02320232 	eorseq	r0, r2, #536870915	; 0x20000003
87801a4a:	02320232 	eorseq	r0, r2, #536870915	; 0x20000003
87801a4e:	02320232 	eorseq	r0, r2, #536870915	; 0x20000003
87801a52:	02320232 	eorseq	r0, r2, #536870915	; 0x20000003
87801a56:	02320232 	eorseq	r0, r2, #536870915	; 0x20000003
87801a5a:	02320232 	eorseq	r0, r2, #536870915	; 0x20000003
87801a5e:	02320232 	eorseq	r0, r2, #536870915	; 0x20000003
87801a62:	02320232 	eorseq	r0, r2, #536870915	; 0x20000003
87801a66:	02320232 	eorseq	r0, r2, #536870915	; 0x20000003
87801a6a:	02320232 	eorseq	r0, r2, #536870915	; 0x20000003
87801a6e:	02320232 	eorseq	r0, r2, #536870915	; 0x20000003
87801a72:	02320232 	eorseq	r0, r2, #536870915	; 0x20000003
87801a76:	02320232 	eorseq	r0, r2, #536870915	; 0x20000003
87801a7a:	02320232 	eorseq	r0, r2, #536870915	; 0x20000003
87801a7e:	016e0232 	cmneq	lr, r2, lsr r2
87801a82:	02320232 	eorseq	r0, r2, #536870915	; 0x20000003
87801a86:	02320232 	eorseq	r0, r2, #536870915	; 0x20000003
87801a8a:	02320232 	eorseq	r0, r2, #536870915	; 0x20000003
87801a8e:	02320232 	eorseq	r0, r2, #536870915	; 0x20000003
87801a92:	02320232 	eorseq	r0, r2, #536870915	; 0x20000003
87801a96:	01b301b9 			; <UNDEFINED> instruction: 0x01b301b9
87801a9a:	02320232 	eorseq	r0, r2, #536870915	; 0x20000003
87801a9e:	02320232 	eorseq	r0, r2, #536870915	; 0x20000003
87801aa2:	023201b3 	eorseq	r0, r2, #-1073741780	; 0xc000002c
87801aa6:	02320232 	eorseq	r0, r2, #536870915	; 0x20000003
87801aaa:	025a0232 	subseq	r0, sl, #536870915	; 0x20000003
87801aae:	019701af 	orrseq	r0, r7, pc, lsr #3
87801ab2:	02320232 	eorseq	r0, r2, #536870915	; 0x20000003
87801ab6:	023201ed 	eorseq	r0, r2, #1073741883	; 0x4000003b
87801aba:	0232026c 	eorseq	r0, r2, #108, 4	; 0xc0000006
87801abe:	026a0232 	rsbeq	r0, sl, #536870915	; 0x20000003
87801ac2:	4618      	mov	r0, r3
87801ac4:	1c54      	adds	r4, r2, #1
87801ac6:	286c      	cmp	r0, #108	; 0x6c
87801ac8:	7853      	ldrb	r3, [r2, #1]
87801aca:	f000 809c 	beq.w	87801c06 <vsnprintf+0x2ee>
87801ace:	3b25      	subs	r3, #37	; 0x25
87801ad0:	2b53      	cmp	r3, #83	; 0x53
87801ad2:	f200 81d5 	bhi.w	87801e80 <vsnprintf+0x568>
87801ad6:	e8df f013 	tbh	[pc, r3, lsl #1]
87801ada:	01d30188 	bicseq	r0, r3, r8, lsl #3
87801ade:	01d301d3 	ldrsbeq	r0, [r3, #19]
87801ae2:	01d301d3 	ldrsbeq	r0, [r3, #19]
87801ae6:	01d301d3 	ldrsbeq	r0, [r3, #19]
87801aea:	01d301d3 	ldrsbeq	r0, [r3, #19]
87801aee:	01d301d3 	ldrsbeq	r0, [r3, #19]
87801af2:	01d301d3 	ldrsbeq	r0, [r3, #19]
87801af6:	01d301d3 	ldrsbeq	r0, [r3, #19]
87801afa:	01d301d3 	ldrsbeq	r0, [r3, #19]
87801afe:	01d301d3 	ldrsbeq	r0, [r3, #19]
87801b02:	01d301d3 	ldrsbeq	r0, [r3, #19]
87801b06:	01d301d3 	ldrsbeq	r0, [r3, #19]
87801b0a:	01d301d3 	ldrsbeq	r0, [r3, #19]
87801b0e:	01d301d3 	ldrsbeq	r0, [r3, #19]
87801b12:	01d301d3 	ldrsbeq	r0, [r3, #19]
87801b16:	01d301d3 	ldrsbeq	r0, [r3, #19]
87801b1a:	01d301d3 	ldrsbeq	r0, [r3, #19]
87801b1e:	01d301d3 	ldrsbeq	r0, [r3, #19]
87801b22:	01d301d3 	ldrsbeq	r0, [r3, #19]
87801b26:	01d301d3 	ldrsbeq	r0, [r3, #19]
87801b2a:	01d301d3 	ldrsbeq	r0, [r3, #19]
87801b2e:	01d301d3 	ldrsbeq	r0, [r3, #19]
87801b32:	01d301d3 	ldrsbeq	r0, [r3, #19]
87801b36:	01d301d3 	ldrsbeq	r0, [r3, #19]
87801b3a:	01d301d3 	ldrsbeq	r0, [r3, #19]
87801b3e:	010f01d3 	ldrdeq	r0, [pc, -r3]
87801b42:	01d301d3 	ldrsbeq	r0, [r3, #19]
87801b46:	01d301d3 	ldrsbeq	r0, [r3, #19]
87801b4a:	01d301d3 	ldrsbeq	r0, [r3, #19]
87801b4e:	01d301d3 	ldrsbeq	r0, [r3, #19]
87801b52:	01d301d3 	ldrsbeq	r0, [r3, #19]
87801b56:	0154015a 	cmpeq	r4, sl, asr r1
87801b5a:	01d301d3 	ldrsbeq	r0, [r3, #19]
87801b5e:	01d301d3 	ldrsbeq	r0, [r3, #19]
87801b62:	01d30154 	bicseq	r0, r3, r4, asr r1
87801b66:	01d301d3 	ldrsbeq	r0, [r3, #19]
87801b6a:	01fb01d3 	ldrsbeq	r0, [fp, #19]!
87801b6e:	01380150 	teqeq	r8, r0, asr r1
87801b72:	01d301d3 	ldrsbeq	r0, [r3, #19]
87801b76:	01d3018e 	bicseq	r0, r3, lr, lsl #3
87801b7a:	01d3012e 	bicseq	r0, r3, lr, lsr #2
87801b7e:	011101d3 			; <UNDEFINED> instruction: 0x011101d3
87801b82:	292a      	cmp	r1, #42	; 0x2a
87801b84:	bf1c      	itt	ne
87801b86:	460b      	movne	r3, r1
87801b88:	f04f 36ff 	movne.w	r6, #4294967295	; 0xffffffff
87801b8c:	f47f af29 	bne.w	878019e2 <vsnprintf+0xca>
87801b90:	f8da 6000 	ldr.w	r6, [sl]
87801b94:	1ca2      	adds	r2, r4, #2
87801b96:	78a3      	ldrb	r3, [r4, #2]
87801b98:	f10a 0a04 	add.w	sl, sl, #4
87801b9c:	2e00      	cmp	r6, #0
87801b9e:	bfbc      	itt	lt
87801ba0:	4276      	neglt	r6, r6
87801ba2:	f047 0710 	orrlt.w	r7, r7, #16
87801ba6:	2b2e      	cmp	r3, #46	; 0x2e
87801ba8:	bf18      	it	ne
87801baa:	f04f 31ff 	movne.w	r1, #4294967295	; 0xffffffff
87801bae:	f47f af1e 	bne.w	878019ee <vsnprintf+0xd6>
87801bb2:	7853      	ldrb	r3, [r2, #1]
87801bb4:	1c54      	adds	r4, r2, #1
87801bb6:	f819 0003 	ldrb.w	r0, [r9, r3]
87801bba:	f000 0004 	and.w	r0, r0, #4
87801bbe:	f000 01ff 	and.w	r1, r0, #255	; 0xff
87801bc2:	2800      	cmp	r0, #0
87801bc4:	f000 808a 	beq.w	87801cdc <vsnprintf+0x3c4>
87801bc8:	2000      	movs	r0, #0
87801bca:	4622      	mov	r2, r4
87801bcc:	4601      	mov	r1, r0
87801bce:	00cc      	lsls	r4, r1, #3
87801bd0:	eb04 0141 	add.w	r1, r4, r1, lsl #1
87801bd4:	4419      	add	r1, r3
87801bd6:	f812 3f01 	ldrb.w	r3, [r2, #1]!
87801bda:	3930      	subs	r1, #48	; 0x30
87801bdc:	f819 0003 	ldrb.w	r0, [r9, r3]
87801be0:	0740      	lsls	r0, r0, #29
87801be2:	d4f4      	bmi.n	87801bce <vsnprintf+0x2b6>
87801be4:	ea21 71e1 	bic.w	r1, r1, r1, asr #31
87801be8:	e701      	b.n	878019ee <vsnprintf+0xd6>
87801bea:	462b      	mov	r3, r5
87801bec:	9a05      	ldr	r2, [sp, #20]
87801bee:	1aa8      	subs	r0, r5, r2
87801bf0:	4543      	cmp	r3, r8
87801bf2:	d965      	bls.n	87801cc0 <vsnprintf+0x3a8>
87801bf4:	f1bb 0f00 	cmp.w	fp, #0
87801bf8:	d002      	beq.n	87801c00 <vsnprintf+0x2e8>
87801bfa:	2300      	movs	r3, #0
87801bfc:	f888 3000 	strb.w	r3, [r8]
87801c00:	b009      	add	sp, #36	; 0x24
87801c02:	e8bd 8ff0 	ldmia.w	sp!, {r4, r5, r6, r7, r8, r9, sl, fp, pc}
87801c06:	2b6c      	cmp	r3, #108	; 0x6c
87801c08:	f000 816b 	beq.w	87801ee2 <vsnprintf+0x5ca>
87801c0c:	3b25      	subs	r3, #37	; 0x25
87801c0e:	2b53      	cmp	r3, #83	; 0x53
87801c10:	f200 8136 	bhi.w	87801e80 <vsnprintf+0x568>
87801c14:	e8df f013 	tbh	[pc, r3, lsl #1]
87801c18:	013400e9 	teqeq	r4, r9, ror #1
87801c1c:	01340134 	teqeq	r4, r4, lsr r1
87801c20:	01340134 	teqeq	r4, r4, lsr r1
87801c24:	01340134 	teqeq	r4, r4, lsr r1
87801c28:	01340134 	teqeq	r4, r4, lsr r1
87801c2c:	01340134 	teqeq	r4, r4, lsr r1
87801c30:	01340134 	teqeq	r4, r4, lsr r1
87801c34:	01340134 	teqeq	r4, r4, lsr r1
87801c38:	01340134 	teqeq	r4, r4, lsr r1
87801c3c:	01340134 	teqeq	r4, r4, lsr r1
87801c40:	01340134 	teqeq	r4, r4, lsr r1
87801c44:	01340134 	teqeq	r4, r4, lsr r1
87801c48:	01340134 	teqeq	r4, r4, lsr r1
87801c4c:	01340134 	teqeq	r4, r4, lsr r1
87801c50:	01340134 	teqeq	r4, r4, lsr r1
87801c54:	01340134 	teqeq	r4, r4, lsr r1
87801c58:	01340134 	teqeq	r4, r4, lsr r1
87801c5c:	01340134 	teqeq	r4, r4, lsr r1
87801c60:	01340134 	teqeq	r4, r4, lsr r1
87801c64:	01340134 	teqeq	r4, r4, lsr r1
87801c68:	01340134 	teqeq	r4, r4, lsr r1
87801c6c:	01340134 	teqeq	r4, r4, lsr r1
87801c70:	01340134 	teqeq	r4, r4, lsr r1
87801c74:	01340134 	teqeq	r4, r4, lsr r1
87801c78:	01340134 	teqeq	r4, r4, lsr r1
87801c7c:	00700134 	rsbseq	r0, r0, r4, lsr r1
87801c80:	01340134 	teqeq	r4, r4, lsr r1
87801c84:	01340134 	teqeq	r4, r4, lsr r1
87801c88:	01340134 	teqeq	r4, r4, lsr r1
87801c8c:	01340134 	teqeq	r4, r4, lsr r1
87801c90:	01340134 	teqeq	r4, r4, lsr r1
87801c94:	00b500bb 	ldrhteq	r0, [r5], fp
87801c98:	01340134 	teqeq	r4, r4, lsr r1
87801c9c:	01340134 	teqeq	r4, r4, lsr r1
87801ca0:	013400b5 	ldrheq	r0, [r4, -r5]!
87801ca4:	01340134 	teqeq	r4, r4, lsr r1
87801ca8:	01740134 	cmneq	r4, r4, lsr r1
87801cac:	009900b1 	ldrheq	r0, [r9], r1
87801cb0:	01340134 	teqeq	r4, r4, lsr r1
87801cb4:	013400ef 	teqeq	r4, pc, ror #1
87801cb8:	0134014f 	teqeq	r4, pc, asr #2
87801cbc:	00720134 	rsbseq	r0, r2, r4, lsr r1
87801cc0:	2200      	movs	r2, #0
87801cc2:	701a      	strb	r2, [r3, #0]
87801cc4:	b009      	add	sp, #36	; 0x24
87801cc6:	e8bd 8ff0 	ldmia.w	sp!, {r4, r5, r6, r7, r8, r9, sl, fp, pc}
87801cca:	9505      	str	r5, [sp, #20]
87801ccc:	f1c5 0b00 	rsb	fp, r5, #0
87801cd0:	462b      	mov	r3, r5
87801cd2:	2800      	cmp	r0, #0
87801cd4:	d0f4      	beq.n	87801cc0 <vsnprintf+0x3a8>
87801cd6:	f04f 38ff 	mov.w	r8, #4294967295	; 0xffffffff
87801cda:	e633      	b.n	87801944 <vsnprintf+0x2c>
87801cdc:	2b2a      	cmp	r3, #42	; 0x2a
87801cde:	bf09      	itett	eq
87801ce0:	f8da 1000 	ldreq.w	r1, [sl]
87801ce4:	4622      	movne	r2, r4
87801ce6:	7893      	ldrbeq	r3, [r2, #2]
87801ce8:	f10a 0a04 	addeq.w	sl, sl, #4
87801cec:	bf04      	itt	eq
87801cee:	3202      	addeq	r2, #2
87801cf0:	ea21 71e1 	biceq.w	r1, r1, r1, asr #31
87801cf4:	e67b      	b.n	878019ee <vsnprintf+0xd6>
87801cf6:	4614      	mov	r4, r2
87801cf8:	f047 0740 	orr.w	r7, r7, #64	; 0x40
87801cfc:	f04f 0e10 	mov.w	lr, #16
87801d00:	284c      	cmp	r0, #76	; 0x4c
87801d02:	d01c      	beq.n	87801d3e <vsnprintf+0x426>
87801d04:	286c      	cmp	r0, #108	; 0x6c
87801d06:	f000 80d8 	beq.w	87801eba <vsnprintf+0x5a2>
87801d0a:	f020 0320 	bic.w	r3, r0, #32
87801d0e:	2b5a      	cmp	r3, #90	; 0x5a
87801d10:	f040 80c5 	bne.w	87801e9e <vsnprintf+0x586>
87801d14:	f8da 2000 	ldr.w	r2, [sl]
87801d18:	f10a 0a04 	add.w	sl, sl, #4
87801d1c:	2300      	movs	r3, #0
87801d1e:	9102      	str	r1, [sp, #8]
87801d20:	4628      	mov	r0, r5
87801d22:	9703      	str	r7, [sp, #12]
87801d24:	4641      	mov	r1, r8
87801d26:	9601      	str	r6, [sp, #4]
87801d28:	f8cd e000 	str.w	lr, [sp]
87801d2c:	f7ff fa8e 	bl	8780124c <number>
87801d30:	4605      	mov	r5, r0
87801d32:	7860      	ldrb	r0, [r4, #1]
87801d34:	e615      	b.n	87801962 <vsnprintf+0x4a>
87801d36:	284c      	cmp	r0, #76	; 0x4c
87801d38:	f04f 0e0a 	mov.w	lr, #10
87801d3c:	d1e2      	bne.n	87801d04 <vsnprintf+0x3ec>
87801d3e:	e9da 2300 	ldrd	r2, r3, [sl]
87801d42:	f10a 0a08 	add.w	sl, sl, #8
87801d46:	e7ea      	b.n	87801d1e <vsnprintf+0x406>
87801d48:	4614      	mov	r4, r2
87801d4a:	1c72      	adds	r2, r6, #1
87801d4c:	f04f 0310 	mov.w	r3, #16
87801d50:	bf04      	itt	eq
87801d52:	f047 0701 	orreq.w	r7, r7, #1
87801d56:	2608      	moveq	r6, #8
87801d58:	f8da 2000 	ldr.w	r2, [sl]
87801d5c:	4628      	mov	r0, r5
87801d5e:	9102      	str	r1, [sp, #8]
87801d60:	4641      	mov	r1, r8
87801d62:	e88d 0048 	stmia.w	sp, {r3, r6}
87801d66:	2300      	movs	r3, #0
87801d68:	9703      	str	r7, [sp, #12]
87801d6a:	f10a 0a04 	add.w	sl, sl, #4
87801d6e:	f7ff fa6d 	bl	8780124c <number>
87801d72:	4605      	mov	r5, r0
87801d74:	7860      	ldrb	r0, [r4, #1]
87801d76:	e5f4      	b.n	87801962 <vsnprintf+0x4a>
87801d78:	4614      	mov	r4, r2
87801d7a:	f04f 0e08 	mov.w	lr, #8
87801d7e:	e7bf      	b.n	87801d00 <vsnprintf+0x3e8>
87801d80:	4614      	mov	r4, r2
87801d82:	f047 0702 	orr.w	r7, r7, #2
87801d86:	f04f 0e0a 	mov.w	lr, #10
87801d8a:	e7b9      	b.n	87801d00 <vsnprintf+0x3e8>
87801d8c:	4614      	mov	r4, r2
87801d8e:	06f9      	lsls	r1, r7, #27
87801d90:	d40d      	bmi.n	87801dae <vsnprintf+0x496>
87801d92:	3e01      	subs	r6, #1
87801d94:	2e00      	cmp	r6, #0
87801d96:	dd0a      	ble.n	87801dae <vsnprintf+0x496>
87801d98:	19ab      	adds	r3, r5, r6
87801d9a:	2220      	movs	r2, #32
87801d9c:	45a8      	cmp	r8, r5
87801d9e:	f105 0501 	add.w	r5, r5, #1
87801da2:	bf28      	it	cs
87801da4:	f805 2c01 	strbcs.w	r2, [r5, #-1]
87801da8:	429d      	cmp	r5, r3
87801daa:	d1f7      	bne.n	87801d9c <vsnprintf+0x484>
87801dac:	2600      	movs	r6, #0
87801dae:	f8da 3000 	ldr.w	r3, [sl]
87801db2:	4545      	cmp	r5, r8
87801db4:	f105 0101 	add.w	r1, r5, #1
87801db8:	f10a 0004 	add.w	r0, sl, #4
87801dbc:	bf98      	it	ls
87801dbe:	702b      	strbls	r3, [r5, #0]
87801dc0:	2e01      	cmp	r6, #1
87801dc2:	bfc2      	ittt	gt
87801dc4:	19ad      	addgt	r5, r5, r6
87801dc6:	460b      	movgt	r3, r1
87801dc8:	2220      	movgt	r2, #32
87801dca:	f340 80b1 	ble.w	87801f30 <vsnprintf+0x618>
87801dce:	4598      	cmp	r8, r3
87801dd0:	f103 0301 	add.w	r3, r3, #1
87801dd4:	bf28      	it	cs
87801dd6:	f803 2c01 	strbcs.w	r2, [r3, #-1]
87801dda:	42ab      	cmp	r3, r5
87801ddc:	d1f7      	bne.n	87801dce <vsnprintf+0x4b6>
87801dde:	1e75      	subs	r5, r6, #1
87801de0:	4682      	mov	sl, r0
87801de2:	440d      	add	r5, r1
87801de4:	7860      	ldrb	r0, [r4, #1]
87801de6:	e5bc      	b.n	87801962 <vsnprintf+0x4a>
87801de8:	4614      	mov	r4, r2
87801dea:	45a8      	cmp	r8, r5
87801dec:	bf24      	itt	cs
87801dee:	2325      	movcs	r3, #37	; 0x25
87801df0:	702b      	strbcs	r3, [r5, #0]
87801df2:	e5b4      	b.n	8780195e <vsnprintf+0x46>
87801df4:	4614      	mov	r4, r2
87801df6:	f8da 3000 	ldr.w	r3, [sl]
87801dfa:	f10a 0a04 	add.w	sl, sl, #4
87801dfe:	9a06      	ldr	r2, [sp, #24]
87801e00:	f5b3 6f80 	cmp.w	r3, #1024	; 0x400
87801e04:	bf38      	it	cc
87801e06:	4613      	movcc	r3, r2
87801e08:	4618      	mov	r0, r3
87801e0a:	9307      	str	r3, [sp, #28]
87801e0c:	f7ff f8b8 	bl	87800f80 <strnlen>
87801e10:	f017 0f10 	tst.w	r7, #16
87801e14:	9b07      	ldr	r3, [sp, #28]
87801e16:	d111      	bne.n	87801e3c <vsnprintf+0x524>
87801e18:	4286      	cmp	r6, r0
87801e1a:	f106 37ff 	add.w	r7, r6, #4294967295	; 0xffffffff
87801e1e:	f340 808b 	ble.w	87801f38 <vsnprintf+0x620>
87801e22:	1a32      	subs	r2, r6, r0
87801e24:	2120      	movs	r1, #32
87801e26:	442a      	add	r2, r5
87801e28:	45a8      	cmp	r8, r5
87801e2a:	f105 0501 	add.w	r5, r5, #1
87801e2e:	bf28      	it	cs
87801e30:	f805 1c01 	strbcs.w	r1, [r5, #-1]
87801e34:	4295      	cmp	r5, r2
87801e36:	d1f7      	bne.n	87801e28 <vsnprintf+0x510>
87801e38:	1bbe      	subs	r6, r7, r6
87801e3a:	4406      	add	r6, r0
87801e3c:	2800      	cmp	r0, #0
87801e3e:	dd75      	ble.n	87801f2c <vsnprintf+0x614>
87801e40:	182a      	adds	r2, r5, r0
87801e42:	45a8      	cmp	r8, r5
87801e44:	f105 0501 	add.w	r5, r5, #1
87801e48:	bf28      	it	cs
87801e4a:	7819      	ldrbcs	r1, [r3, #0]
87801e4c:	f103 0301 	add.w	r3, r3, #1
87801e50:	bf28      	it	cs
87801e52:	f805 1c01 	strbcs.w	r1, [r5, #-1]
87801e56:	4295      	cmp	r5, r2
87801e58:	d1f3      	bne.n	87801e42 <vsnprintf+0x52a>
87801e5a:	4286      	cmp	r6, r0
87801e5c:	bfdc      	itt	le
87801e5e:	4615      	movle	r5, r2
87801e60:	7860      	ldrble	r0, [r4, #1]
87801e62:	f77f ad7e 	ble.w	87801962 <vsnprintf+0x4a>
87801e66:	1a30      	subs	r0, r6, r0
87801e68:	2320      	movs	r3, #32
87801e6a:	1815      	adds	r5, r2, r0
87801e6c:	4590      	cmp	r8, r2
87801e6e:	f102 0201 	add.w	r2, r2, #1
87801e72:	bf28      	it	cs
87801e74:	f802 3c01 	strbcs.w	r3, [r2, #-1]
87801e78:	42aa      	cmp	r2, r5
87801e7a:	d1f7      	bne.n	87801e6c <vsnprintf+0x554>
87801e7c:	e759      	b.n	87801d32 <vsnprintf+0x41a>
87801e7e:	4614      	mov	r4, r2
87801e80:	45a8      	cmp	r8, r5
87801e82:	bf24      	itt	cs
87801e84:	2325      	movcs	r3, #37	; 0x25
87801e86:	702b      	strbcs	r3, [r5, #0]
87801e88:	1c6b      	adds	r3, r5, #1
87801e8a:	7822      	ldrb	r2, [r4, #0]
87801e8c:	b36a      	cbz	r2, 87801eea <vsnprintf+0x5d2>
87801e8e:	4543      	cmp	r3, r8
87801e90:	f105 0502 	add.w	r5, r5, #2
87801e94:	bf98      	it	ls
87801e96:	f805 2c01 	strbls.w	r2, [r5, #-1]
87801e9a:	7860      	ldrb	r0, [r4, #1]
87801e9c:	e561      	b.n	87801962 <vsnprintf+0x4a>
87801e9e:	2868      	cmp	r0, #104	; 0x68
87801ea0:	f10a 0304 	add.w	r3, sl, #4
87801ea4:	f8da 2000 	ldr.w	r2, [sl]
87801ea8:	469a      	mov	sl, r3
87801eaa:	d036      	beq.n	87801f1a <vsnprintf+0x602>
87801eac:	07bb      	lsls	r3, r7, #30
87801eae:	f57f af35 	bpl.w	87801d1c <vsnprintf+0x404>
87801eb2:	17d3      	asrs	r3, r2, #31
87801eb4:	e733      	b.n	87801d1e <vsnprintf+0x406>
87801eb6:	f04f 0e0a 	mov.w	lr, #10
87801eba:	f10a 0304 	add.w	r3, sl, #4
87801ebe:	f8da 2000 	ldr.w	r2, [sl]
87801ec2:	469a      	mov	sl, r3
87801ec4:	07bb      	lsls	r3, r7, #30
87801ec6:	f57f af29 	bpl.w	87801d1c <vsnprintf+0x404>
87801eca:	17d3      	asrs	r3, r2, #31
87801ecc:	e727      	b.n	87801d1e <vsnprintf+0x406>
87801ece:	4614      	mov	r4, r2
87801ed0:	9a05      	ldr	r2, [sp, #20]
87801ed2:	f10a 0a04 	add.w	sl, sl, #4
87801ed6:	f85a 3c04 	ldr.w	r3, [sl, #-4]
87801eda:	1aaa      	subs	r2, r5, r2
87801edc:	601a      	str	r2, [r3, #0]
87801ede:	7860      	ldrb	r0, [r4, #1]
87801ee0:	e53f      	b.n	87801962 <vsnprintf+0x4a>
87801ee2:	7893      	ldrb	r3, [r2, #2]
87801ee4:	204c      	movs	r0, #76	; 0x4c
87801ee6:	3202      	adds	r2, #2
87801ee8:	e591      	b.n	87801a0e <vsnprintf+0xf6>
87801eea:	461d      	mov	r5, r3
87801eec:	e67e      	b.n	87801bec <vsnprintf+0x2d4>
87801eee:	4614      	mov	r4, r2
87801ef0:	e704      	b.n	87801cfc <vsnprintf+0x3e4>
87801ef2:	284c      	cmp	r0, #76	; 0x4c
87801ef4:	4614      	mov	r4, r2
87801ef6:	f04f 0e0a 	mov.w	lr, #10
87801efa:	f47f af06 	bne.w	87801d0a <vsnprintf+0x3f2>
87801efe:	e71e      	b.n	87801d3e <vsnprintf+0x426>
87801f00:	9905      	ldr	r1, [sp, #20]
87801f02:	f10a 0a04 	add.w	sl, sl, #4
87801f06:	f85a 3c04 	ldr.w	r3, [sl, #-4]
87801f0a:	1a69      	subs	r1, r5, r1
87801f0c:	6019      	str	r1, [r3, #0]
87801f0e:	7890      	ldrb	r0, [r2, #2]
87801f10:	e527      	b.n	87801962 <vsnprintf+0x4a>
87801f12:	2000      	movs	r0, #0
87801f14:	b009      	add	sp, #36	; 0x24
87801f16:	e8bd 8ff0 	ldmia.w	sp!, {r4, r5, r6, r7, r8, r9, sl, fp, pc}
87801f1a:	07b8      	lsls	r0, r7, #30
87801f1c:	bf4d      	iteet	mi
87801f1e:	b212      	sxthmi	r2, r2
87801f20:	b292      	uxthpl	r2, r2
87801f22:	2300      	movpl	r3, #0
87801f24:	17d3      	asrmi	r3, r2, #31
87801f26:	e6fa      	b.n	87801d1e <vsnprintf+0x406>
87801f28:	462b      	mov	r3, r5
87801f2a:	e661      	b.n	87801bf0 <vsnprintf+0x2d8>
87801f2c:	462a      	mov	r2, r5
87801f2e:	e794      	b.n	87801e5a <vsnprintf+0x542>
87801f30:	4682      	mov	sl, r0
87801f32:	460d      	mov	r5, r1
87801f34:	7860      	ldrb	r0, [r4, #1]
87801f36:	e514      	b.n	87801962 <vsnprintf+0x4a>
87801f38:	463e      	mov	r6, r7
87801f3a:	e77f      	b.n	87801e3c <vsnprintf+0x524>

87801f3c <vscnprintf>:
87801f3c:	b510      	push	{r4, lr}
87801f3e:	460c      	mov	r4, r1
87801f40:	f7ff fcea 	bl	87801918 <vsnprintf>
87801f44:	4284      	cmp	r4, r0
87801f46:	bf98      	it	ls
87801f48:	f104 30ff 	addls.w	r0, r4, #4294967295	; 0xffffffff
87801f4c:	bd10      	pop	{r4, pc}
87801f4e:	bf00      	nop

87801f50 <snprintf>:
87801f50:	b40c      	push	{r2, r3}
87801f52:	b508      	push	{r3, lr}
87801f54:	ab03      	add	r3, sp, #12
87801f56:	9a02      	ldr	r2, [sp, #8]
87801f58:	f7ff fcde 	bl	87801918 <vsnprintf>
87801f5c:	e8bd 4008 	ldmia.w	sp!, {r3, lr}
87801f60:	b002      	add	sp, #8
87801f62:	4770      	bx	lr

87801f64 <scnprintf>:
87801f64:	b40c      	push	{r2, r3}
87801f66:	b510      	push	{r4, lr}
87801f68:	460c      	mov	r4, r1
87801f6a:	ab03      	add	r3, sp, #12
87801f6c:	9a02      	ldr	r2, [sp, #8]
87801f6e:	f7ff fcd3 	bl	87801918 <vsnprintf>
87801f72:	4284      	cmp	r4, r0
87801f74:	bf98      	it	ls
87801f76:	f104 30ff 	addls.w	r0, r4, #4294967295	; 0xffffffff
87801f7a:	e8bd 4010 	ldmia.w	sp!, {r4, lr}
87801f7e:	b002      	add	sp, #8
87801f80:	4770      	bx	lr
87801f82:	bf00      	nop

87801f84 <vsprintf>:
87801f84:	4613      	mov	r3, r2
87801f86:	460a      	mov	r2, r1
87801f88:	f06f 4100 	mvn.w	r1, #2147483648	; 0x80000000
87801f8c:	f7ff bcc4 	b.w	87801918 <vsnprintf>

87801f90 <sprintf>:
87801f90:	b40e      	push	{r1, r2, r3}
87801f92:	f06f 4100 	mvn.w	r1, #2147483648	; 0x80000000
87801f96:	b500      	push	{lr}
87801f98:	ab02      	add	r3, sp, #8
87801f9a:	9a01      	ldr	r2, [sp, #4]
87801f9c:	f7ff fcbc 	bl	87801918 <vsnprintf>
87801fa0:	f85d eb04 	ldr.w	lr, [sp], #4
87801fa4:	b003      	add	sp, #12
87801fa6:	4770      	bx	lr

87801fa8 <vsscanf>:
87801fa8:	e92d 4ff0 	stmdb	sp!, {r4, r5, r6, r7, r8, r9, sl, fp, lr}
87801fac:	f642 3474 	movw	r4, #11124	; 0x2b74
87801fb0:	780b      	ldrb	r3, [r1, #0]
87801fb2:	f2c8 7480 	movt	r4, #34688	; 0x8780
87801fb6:	b083      	sub	sp, #12
87801fb8:	4607      	mov	r7, r0
87801fba:	460d      	mov	r5, r1
87801fbc:	4696      	mov	lr, r2
87801fbe:	46a0      	mov	r8, r4
87801fc0:	2600      	movs	r6, #0
87801fc2:	b143      	cbz	r3, 87801fd6 <vsscanf+0x2e>
87801fc4:	7801      	ldrb	r1, [r0, #0]
87801fc6:	b131      	cbz	r1, 87801fd6 <vsscanf+0x2e>
87801fc8:	5ce2      	ldrb	r2, [r4, r3]
87801fca:	0692      	lsls	r2, r2, #26
87801fcc:	d407      	bmi.n	87801fde <vsscanf+0x36>
87801fce:	2b25      	cmp	r3, #37	; 0x25
87801fd0:	d020      	beq.n	87802014 <vsscanf+0x6c>
87801fd2:	428b      	cmp	r3, r1
87801fd4:	d018      	beq.n	87802008 <vsscanf+0x60>
87801fd6:	4630      	mov	r0, r6
87801fd8:	b003      	add	sp, #12
87801fda:	e8bd 8ff0 	ldmia.w	sp!, {r4, r5, r6, r7, r8, r9, sl, fp, pc}
87801fde:	f815 3f01 	ldrb.w	r3, [r5, #1]!
87801fe2:	5ce2      	ldrb	r2, [r4, r3]
87801fe4:	0692      	lsls	r2, r2, #26
87801fe6:	d4fa      	bmi.n	87801fde <vsscanf+0x36>
87801fe8:	f818 2001 	ldrb.w	r2, [r8, r1]
87801fec:	0691      	lsls	r1, r2, #26
87801fee:	d504      	bpl.n	87801ffa <vsscanf+0x52>
87801ff0:	f810 2f01 	ldrb.w	r2, [r0, #1]!
87801ff4:	5ca2      	ldrb	r2, [r4, r2]
87801ff6:	0692      	lsls	r2, r2, #26
87801ff8:	d4fa      	bmi.n	87801ff0 <vsscanf+0x48>
87801ffa:	2b00      	cmp	r3, #0
87801ffc:	bf18      	it	ne
87801ffe:	2b25      	cmpne	r3, #37	; 0x25
87802000:	d006      	beq.n	87802010 <vsscanf+0x68>
87802002:	7801      	ldrb	r1, [r0, #0]
87802004:	428b      	cmp	r3, r1
87802006:	d1e6      	bne.n	87801fd6 <vsscanf+0x2e>
87802008:	786b      	ldrb	r3, [r5, #1]
8780200a:	3001      	adds	r0, #1
8780200c:	3501      	adds	r5, #1
8780200e:	e7d8      	b.n	87801fc2 <vsscanf+0x1a>
87802010:	2b00      	cmp	r3, #0
87802012:	d0e0      	beq.n	87801fd6 <vsscanf+0x2e>
87802014:	786b      	ldrb	r3, [r5, #1]
87802016:	3501      	adds	r5, #1
87802018:	2b2a      	cmp	r3, #42	; 0x2a
8780201a:	f000 80f1 	beq.w	87802200 <vsscanf+0x258>
8780201e:	5ce2      	ldrb	r2, [r4, r3]
87802020:	4619      	mov	r1, r3
87802022:	0752      	lsls	r2, r2, #29
87802024:	bf5c      	itt	pl
87802026:	4619      	movpl	r1, r3
87802028:	f04f 33ff 	movpl.w	r3, #4294967295	; 0xffffffff
8780202c:	d50a      	bpl.n	87802044 <vsscanf+0x9c>
8780202e:	2300      	movs	r3, #0
87802030:	00da      	lsls	r2, r3, #3
87802032:	eb02 0343 	add.w	r3, r2, r3, lsl #1
87802036:	440b      	add	r3, r1
87802038:	f815 1f01 	ldrb.w	r1, [r5, #1]!
8780203c:	3b30      	subs	r3, #48	; 0x30
8780203e:	5c62      	ldrb	r2, [r4, r1]
87802040:	0752      	lsls	r2, r2, #29
87802042:	d4f5      	bmi.n	87802030 <vsscanf+0x88>
87802044:	f001 02df 	and.w	r2, r1, #223	; 0xdf
87802048:	46a9      	mov	r9, r5
8780204a:	2a5a      	cmp	r2, #90	; 0x5a
8780204c:	bf18      	it	ne
8780204e:	2a4c      	cmpne	r2, #76	; 0x4c
87802050:	f04f 3cff 	mov.w	ip, #4294967295	; 0xffffffff
87802054:	bf0c      	ite	eq
87802056:	2201      	moveq	r2, #1
87802058:	2200      	movne	r2, #0
8780205a:	2968      	cmp	r1, #104	; 0x68
8780205c:	bf08      	it	eq
8780205e:	f042 0201 	orreq.w	r2, r2, #1
87802062:	2a00      	cmp	r2, #0
87802064:	f040 80b8 	bne.w	878021d8 <vsscanf+0x230>
87802068:	2900      	cmp	r1, #0
8780206a:	d0b4      	beq.n	87801fd6 <vsscanf+0x2e>
8780206c:	f890 a000 	ldrb.w	sl, [r0]
87802070:	f1ba 0f00 	cmp.w	sl, #0
87802074:	d0af      	beq.n	87801fd6 <vsscanf+0x2e>
87802076:	3925      	subs	r1, #37	; 0x25
87802078:	f109 0501 	add.w	r5, r9, #1
8780207c:	2953      	cmp	r1, #83	; 0x53
8780207e:	d8aa      	bhi.n	87801fd6 <vsscanf+0x2e>
87802080:	a201      	add	r2, pc, #4	; (adr r2, 87802088 <vsscanf+0xe0>)
87802082:	f852 f021 	ldr.w	pc, [r2, r1, lsl #2]
87802086:	bf00      	nop
87802088:	87802305 	strhi	r2, [r0, r5, lsl #6]
8780208c:	87801fd7 			; <UNDEFINED> instruction: 0x87801fd7
87802090:	87801fd7 			; <UNDEFINED> instruction: 0x87801fd7
87802094:	87801fd7 			; <UNDEFINED> instruction: 0x87801fd7
87802098:	87801fd7 			; <UNDEFINED> instruction: 0x87801fd7
8780209c:	87801fd7 			; <UNDEFINED> instruction: 0x87801fd7
878020a0:	87801fd7 			; <UNDEFINED> instruction: 0x87801fd7
878020a4:	87801fd7 			; <UNDEFINED> instruction: 0x87801fd7
878020a8:	87801fd7 			; <UNDEFINED> instruction: 0x87801fd7
878020ac:	87801fd7 			; <UNDEFINED> instruction: 0x87801fd7
878020b0:	87801fd7 			; <UNDEFINED> instruction: 0x87801fd7
878020b4:	87801fd7 			; <UNDEFINED> instruction: 0x87801fd7
878020b8:	87801fd7 			; <UNDEFINED> instruction: 0x87801fd7
878020bc:	87801fd7 			; <UNDEFINED> instruction: 0x87801fd7
878020c0:	87801fd7 			; <UNDEFINED> instruction: 0x87801fd7
878020c4:	87801fd7 			; <UNDEFINED> instruction: 0x87801fd7
878020c8:	87801fd7 			; <UNDEFINED> instruction: 0x87801fd7
878020cc:	87801fd7 			; <UNDEFINED> instruction: 0x87801fd7
878020d0:	87801fd7 			; <UNDEFINED> instruction: 0x87801fd7
878020d4:	87801fd7 			; <UNDEFINED> instruction: 0x87801fd7
878020d8:	87801fd7 			; <UNDEFINED> instruction: 0x87801fd7
878020dc:	87801fd7 			; <UNDEFINED> instruction: 0x87801fd7
878020e0:	87801fd7 			; <UNDEFINED> instruction: 0x87801fd7
878020e4:	87801fd7 			; <UNDEFINED> instruction: 0x87801fd7
878020e8:	87801fd7 			; <UNDEFINED> instruction: 0x87801fd7
878020ec:	87801fd7 			; <UNDEFINED> instruction: 0x87801fd7
878020f0:	87801fd7 			; <UNDEFINED> instruction: 0x87801fd7
878020f4:	87801fd7 			; <UNDEFINED> instruction: 0x87801fd7
878020f8:	87801fd7 			; <UNDEFINED> instruction: 0x87801fd7
878020fc:	87801fd7 			; <UNDEFINED> instruction: 0x87801fd7
87802100:	87801fd7 			; <UNDEFINED> instruction: 0x87801fd7
87802104:	87801fd7 			; <UNDEFINED> instruction: 0x87801fd7
87802108:	87801fd7 			; <UNDEFINED> instruction: 0x87801fd7
8780210c:	87801fd7 			; <UNDEFINED> instruction: 0x87801fd7
87802110:	87801fd7 			; <UNDEFINED> instruction: 0x87801fd7
87802114:	87801fd7 			; <UNDEFINED> instruction: 0x87801fd7
87802118:	87801fd7 			; <UNDEFINED> instruction: 0x87801fd7
8780211c:	87801fd7 			; <UNDEFINED> instruction: 0x87801fd7
87802120:	87801fd7 			; <UNDEFINED> instruction: 0x87801fd7
87802124:	87801fd7 			; <UNDEFINED> instruction: 0x87801fd7
87802128:	87801fd7 			; <UNDEFINED> instruction: 0x87801fd7
8780212c:	87801fd7 			; <UNDEFINED> instruction: 0x87801fd7
87802130:	87801fd7 			; <UNDEFINED> instruction: 0x87801fd7
87802134:	87801fd7 			; <UNDEFINED> instruction: 0x87801fd7
87802138:	87801fd7 			; <UNDEFINED> instruction: 0x87801fd7
8780213c:	87801fd7 			; <UNDEFINED> instruction: 0x87801fd7
87802140:	87801fd7 			; <UNDEFINED> instruction: 0x87801fd7
87802144:	87801fd7 			; <UNDEFINED> instruction: 0x87801fd7
87802148:	87801fd7 			; <UNDEFINED> instruction: 0x87801fd7
8780214c:	87801fd7 			; <UNDEFINED> instruction: 0x87801fd7
87802150:	87801fd7 			; <UNDEFINED> instruction: 0x87801fd7
87802154:	87802315 	usada8hi	r0, r5, r3, r2
87802158:	87801fd7 			; <UNDEFINED> instruction: 0x87801fd7
8780215c:	87801fd7 			; <UNDEFINED> instruction: 0x87801fd7
87802160:	87801fd7 			; <UNDEFINED> instruction: 0x87801fd7
87802164:	87801fd7 			; <UNDEFINED> instruction: 0x87801fd7
87802168:	87801fd7 			; <UNDEFINED> instruction: 0x87801fd7
8780216c:	87801fd7 			; <UNDEFINED> instruction: 0x87801fd7
87802170:	87801fd7 			; <UNDEFINED> instruction: 0x87801fd7
87802174:	87801fd7 			; <UNDEFINED> instruction: 0x87801fd7
87802178:	87801fd7 			; <UNDEFINED> instruction: 0x87801fd7
8780217c:	87801fd7 			; <UNDEFINED> instruction: 0x87801fd7
87802180:	878023e5 	strhi	r2, [r0, r5, ror #7]
87802184:	87802417 	usada8hi	r0, r7, r4, r2
87802188:	87801fd7 			; <UNDEFINED> instruction: 0x87801fd7
8780218c:	87801fd7 			; <UNDEFINED> instruction: 0x87801fd7
87802190:	87801fd7 			; <UNDEFINED> instruction: 0x87801fd7
87802194:	87801fd7 			; <UNDEFINED> instruction: 0x87801fd7
87802198:	8780223b 			; <UNDEFINED> instruction: 0x8780223b
8780219c:	87801fd7 			; <UNDEFINED> instruction: 0x87801fd7
878021a0:	87801fd7 			; <UNDEFINED> instruction: 0x87801fd7
878021a4:	87801fd7 			; <UNDEFINED> instruction: 0x87801fd7
878021a8:	87801fd7 			; <UNDEFINED> instruction: 0x87801fd7
878021ac:	878023d3 			; <UNDEFINED> instruction: 0x878023d3
878021b0:	87802349 	strhi	r2, [r0, r9, asr #6]
878021b4:	87801fd7 			; <UNDEFINED> instruction: 0x87801fd7
878021b8:	87801fd7 			; <UNDEFINED> instruction: 0x87801fd7
878021bc:	87801fd7 			; <UNDEFINED> instruction: 0x87801fd7
878021c0:	87802377 			; <UNDEFINED> instruction: 0x87802377
878021c4:	87801fd7 			; <UNDEFINED> instruction: 0x87801fd7
878021c8:	8780232f 	strhi	r2, [r0, pc, lsr #6]
878021cc:	87801fd7 			; <UNDEFINED> instruction: 0x87801fd7
878021d0:	87801fd7 			; <UNDEFINED> instruction: 0x87801fd7
878021d4:	87802315 	usada8hi	r0, r5, r3, r2
878021d8:	786a      	ldrb	r2, [r5, #1]
878021da:	468c      	mov	ip, r1
878021dc:	f105 0901 	add.w	r9, r5, #1
878021e0:	4291      	cmp	r1, r2
878021e2:	bf18      	it	ne
878021e4:	4611      	movne	r1, r2
878021e6:	f47f af3f 	bne.w	87802068 <vsscanf+0xc0>
878021ea:	2968      	cmp	r1, #104	; 0x68
878021ec:	f000 8199 	beq.w	87802522 <vsscanf+0x57a>
878021f0:	296c      	cmp	r1, #108	; 0x6c
878021f2:	bf02      	ittt	eq
878021f4:	f105 0902 	addeq.w	r9, r5, #2
878021f8:	78a9      	ldrbeq	r1, [r5, #2]
878021fa:	f04f 0c4c 	moveq.w	ip, #76	; 0x4c
878021fe:	e733      	b.n	87802068 <vsscanf+0xc0>
87802200:	f894 202a 	ldrb.w	r2, [r4, #42]	; 0x2a
87802204:	0691      	lsls	r1, r2, #26
87802206:	d40a      	bmi.n	8780221e <vsscanf+0x276>
87802208:	f815 3f01 	ldrb.w	r3, [r5, #1]!
8780220c:	5ce2      	ldrb	r2, [r4, r3]
8780220e:	1c19      	adds	r1, r3, #0
87802210:	bf18      	it	ne
87802212:	2101      	movne	r1, #1
87802214:	f082 0220 	eor.w	r2, r2, #32
87802218:	ea11 1252 	ands.w	r2, r1, r2, lsr #5
8780221c:	d1f4      	bne.n	87802208 <vsscanf+0x260>
8780221e:	7802      	ldrb	r2, [r0, #0]
87802220:	e001      	b.n	87802226 <vsscanf+0x27e>
87802222:	f810 2f01 	ldrb.w	r2, [r0, #1]!
87802226:	5ca1      	ldrb	r1, [r4, r2]
87802228:	3200      	adds	r2, #0
8780222a:	bf18      	it	ne
8780222c:	2201      	movne	r2, #1
8780222e:	f081 0120 	eor.w	r1, r1, #32
87802232:	ea12 1251 	ands.w	r2, r2, r1, lsr #5
87802236:	d1f4      	bne.n	87802222 <vsscanf+0x27a>
87802238:	e6c3      	b.n	87801fc2 <vsscanf+0x1a>
8780223a:	2200      	movs	r2, #0
8780223c:	f814 300a 	ldrb.w	r3, [r4, sl]
87802240:	0699      	lsls	r1, r3, #26
87802242:	bf44      	itt	mi
87802244:	2101      	movmi	r1, #1
87802246:	468b      	movmi	fp, r1
87802248:	f140 8171 	bpl.w	8780252e <vsscanf+0x586>
8780224c:	f810 3f01 	ldrb.w	r3, [r0, #1]!
87802250:	f814 a003 	ldrb.w	sl, [r4, r3]
87802254:	f01a 0f20 	tst.w	sl, #32
87802258:	d1f8      	bne.n	8780224c <vsscanf+0x2a4>
8780225a:	2b2d      	cmp	r3, #45	; 0x2d
8780225c:	bf14      	ite	ne
8780225e:	2100      	movne	r1, #0
87802260:	f001 0101 	andeq.w	r1, r1, #1
87802264:	469a      	mov	sl, r3
87802266:	b109      	cbz	r1, 8780226c <vsscanf+0x2c4>
87802268:	f890 a001 	ldrb.w	sl, [r0, #1]
8780226c:	f1ba 0f00 	cmp.w	sl, #0
87802270:	f43f aeb1 	beq.w	87801fd6 <vsscanf+0x2e>
87802274:	2a10      	cmp	r2, #16
87802276:	f000 8120 	beq.w	878024ba <vsscanf+0x512>
8780227a:	2a0a      	cmp	r2, #10
8780227c:	d002      	beq.n	87802284 <vsscanf+0x2dc>
8780227e:	2a08      	cmp	r2, #8
87802280:	d06b      	beq.n	8780235a <vsscanf+0x3b2>
87802282:	b922      	cbnz	r2, 8780228e <vsscanf+0x2e6>
87802284:	f814 300a 	ldrb.w	r3, [r4, sl]
87802288:	0759      	lsls	r1, r3, #29
8780228a:	f57f aea4 	bpl.w	87801fd6 <vsscanf+0x2e>
8780228e:	f1ac 0c48 	sub.w	ip, ip, #72	; 0x48
87802292:	f1bc 0f32 	cmp.w	ip, #50	; 0x32
87802296:	f200 810a 	bhi.w	878024ae <vsscanf+0x506>
8780229a:	e8df f01c 	tbh	[pc, ip, lsl #1]
8780229e:	010800ec 	smlatteq	r8, ip, r0, r0
878022a2:	01080108 	tsteq	r8, r8, lsl #2
878022a6:	010800fa 	strdeq	r0, [r8, -sl]
878022aa:	01080108 	tsteq	r8, r8, lsl #2
878022ae:	01080108 	tsteq	r8, r8, lsl #2
878022b2:	01080108 	tsteq	r8, r8, lsl #2
878022b6:	01080108 	tsteq	r8, r8, lsl #2
878022ba:	01080108 	tsteq	r8, r8, lsl #2
878022be:	01080108 	tsteq	r8, r8, lsl #2
878022c2:	010800da 	ldrdeq	r0, [r8, -sl]
878022c6:	01080108 	tsteq	r8, r8, lsl #2
878022ca:	01080108 	tsteq	r8, r8, lsl #2
878022ce:	01080108 	tsteq	r8, r8, lsl #2
878022d2:	01080108 	tsteq	r8, r8, lsl #2
878022d6:	01080108 	tsteq	r8, r8, lsl #2
878022da:	01080108 	tsteq	r8, r8, lsl #2
878022de:	010800cc 	smlabteq	r8, ip, r0, r0
878022e2:	01080108 	tsteq	r8, r8, lsl #2
878022e6:	010800be 	strheq	r0, [r8, -lr]
878022ea:	01080108 	tsteq	r8, r8, lsl #2
878022ee:	01080108 	tsteq	r8, r8, lsl #2
878022f2:	01080108 	tsteq	r8, r8, lsl #2
878022f6:	01080108 	tsteq	r8, r8, lsl #2
878022fa:	01080108 	tsteq	r8, r8, lsl #2
878022fe:	01080108 	tsteq	r8, r8, lsl #2
87802302:	f1ba00da 			; <UNDEFINED> instruction: 0xf1ba00da
87802306:	0f25      	lsrs	r5, r4, #28
87802308:	f47f ae65 	bne.w	87801fd6 <vsscanf+0x2e>
8780230c:	3001      	adds	r0, #1
8780230e:	f899 3001 	ldrb.w	r3, [r9, #1]
87802312:	e656      	b.n	87801fc2 <vsscanf+0x1a>
87802314:	f814 300a 	ldrb.w	r3, [r4, sl]
87802318:	2210      	movs	r2, #16
8780231a:	f003 0320 	and.w	r3, r3, #32
8780231e:	f003 0bff 	and.w	fp, r3, #255	; 0xff
87802322:	2b00      	cmp	r3, #0
87802324:	f000 80c9 	beq.w	878024ba <vsscanf+0x512>
87802328:	2100      	movs	r1, #0
8780232a:	468b      	mov	fp, r1
8780232c:	e78e      	b.n	8780224c <vsscanf+0x2a4>
8780232e:	f814 300a 	ldrb.w	r3, [r4, sl]
87802332:	220a      	movs	r2, #10
87802334:	f003 0320 	and.w	r3, r3, #32
87802338:	f003 0bff 	and.w	fp, r3, #255	; 0xff
8780233c:	2b00      	cmp	r3, #0
8780233e:	d0a1      	beq.n	87802284 <vsscanf+0x2dc>
87802340:	2100      	movs	r1, #0
87802342:	220a      	movs	r2, #10
87802344:	468b      	mov	fp, r1
87802346:	e781      	b.n	8780224c <vsscanf+0x2a4>
87802348:	f814 300a 	ldrb.w	r3, [r4, sl]
8780234c:	2208      	movs	r2, #8
8780234e:	f003 0320 	and.w	r3, r3, #32
87802352:	f003 0bff 	and.w	fp, r3, #255	; 0xff
87802356:	2b00      	cmp	r3, #0
87802358:	d1e6      	bne.n	87802328 <vsscanf+0x380>
8780235a:	f814 300a 	ldrb.w	r3, [r4, sl]
8780235e:	f083 0304 	eor.w	r3, r3, #4
87802362:	f3c3 0380 	ubfx	r3, r3, #2, #1
87802366:	f1ba 0f37 	cmp.w	sl, #55	; 0x37
8780236a:	bf88      	it	hi
8780236c:	f043 0301 	orrhi.w	r3, r3, #1
87802370:	2b00      	cmp	r3, #0
87802372:	d08c      	beq.n	8780228e <vsscanf+0x2e6>
87802374:	e62f      	b.n	87801fd6 <vsscanf+0x2e>
87802376:	1c5a      	adds	r2, r3, #1
87802378:	f10e 0c04 	add.w	ip, lr, #4
8780237c:	f8de 1000 	ldr.w	r1, [lr]
87802380:	f000 80a2 	beq.w	878024c8 <vsscanf+0x520>
87802384:	f814 200a 	ldrb.w	r2, [r4, sl]
87802388:	0692      	lsls	r2, r2, #26
8780238a:	bf58      	it	pl
8780238c:	4652      	movpl	r2, sl
8780238e:	d507      	bpl.n	878023a0 <vsscanf+0x3f8>
87802390:	f810 af01 	ldrb.w	sl, [r0, #1]!
87802394:	f814 200a 	ldrb.w	r2, [r4, sl]
87802398:	0692      	lsls	r2, r2, #26
8780239a:	d4f9      	bmi.n	87802390 <vsscanf+0x3e8>
8780239c:	4652      	mov	r2, sl
8780239e:	b18a      	cbz	r2, 878023c4 <vsscanf+0x41c>
878023a0:	b183      	cbz	r3, 878023c4 <vsscanf+0x41c>
878023a2:	f100 0e01 	add.w	lr, r0, #1
878023a6:	e006      	b.n	878023b6 <vsscanf+0x40e>
878023a8:	f814 a002 	ldrb.w	sl, [r4, r2]
878023ac:	f01a 0f20 	tst.w	sl, #32
878023b0:	d108      	bne.n	878023c4 <vsscanf+0x41c>
878023b2:	3b01      	subs	r3, #1
878023b4:	d006      	beq.n	878023c4 <vsscanf+0x41c>
878023b6:	f801 2b01 	strb.w	r2, [r1], #1
878023ba:	4670      	mov	r0, lr
878023bc:	f81e 2b01 	ldrb.w	r2, [lr], #1
878023c0:	2a00      	cmp	r2, #0
878023c2:	d1f1      	bne.n	878023a8 <vsscanf+0x400>
878023c4:	2300      	movs	r3, #0
878023c6:	3601      	adds	r6, #1
878023c8:	700b      	strb	r3, [r1, #0]
878023ca:	46e6      	mov	lr, ip
878023cc:	f899 3001 	ldrb.w	r3, [r9, #1]
878023d0:	e5f7      	b.n	87801fc2 <vsscanf+0x1a>
878023d2:	f8de 3000 	ldr.w	r3, [lr]
878023d6:	1bc2      	subs	r2, r0, r7
878023d8:	f10e 0e04 	add.w	lr, lr, #4
878023dc:	601a      	str	r2, [r3, #0]
878023de:	f899 3001 	ldrb.w	r3, [r9, #1]
878023e2:	e5ee      	b.n	87801fc2 <vsscanf+0x1a>
878023e4:	f8de 1000 	ldr.w	r1, [lr]
878023e8:	1c5a      	adds	r2, r3, #1
878023ea:	bf08      	it	eq
878023ec:	2301      	moveq	r3, #1
878023ee:	1c42      	adds	r2, r0, #1
878023f0:	f10e 0e04 	add.w	lr, lr, #4
878023f4:	f101 3cff 	add.w	ip, r1, #4294967295	; 0xffffffff
878023f8:	e003      	b.n	87802402 <vsscanf+0x45a>
878023fa:	f812 1b01 	ldrb.w	r1, [r2], #1
878023fe:	468a      	mov	sl, r1
87802400:	b129      	cbz	r1, 8780240e <vsscanf+0x466>
87802402:	3b01      	subs	r3, #1
87802404:	f80c af01 	strb.w	sl, [ip, #1]!
87802408:	2b00      	cmp	r3, #0
8780240a:	4610      	mov	r0, r2
8780240c:	dcf5      	bgt.n	878023fa <vsscanf+0x452>
8780240e:	3601      	adds	r6, #1
87802410:	f899 3001 	ldrb.w	r3, [r9, #1]
87802414:	e5d5      	b.n	87801fc2 <vsscanf+0x1a>
87802416:	220a      	movs	r2, #10
87802418:	e710      	b.n	8780223c <vsscanf+0x294>
8780241a:	f8de a000 	ldr.w	sl, [lr]
8780241e:	f1bb 0f00 	cmp.w	fp, #0
87802422:	d018      	beq.n	87802456 <vsscanf+0x4ae>
87802424:	f10e 0b04 	add.w	fp, lr, #4
87802428:	a901      	add	r1, sp, #4
8780242a:	f7ff f9b3 	bl	87801794 <simple_strtol>
8780242e:	46de      	mov	lr, fp
87802430:	f8ca 0000 	str.w	r0, [sl]
87802434:	e017      	b.n	87802466 <vsscanf+0x4be>
87802436:	f8de a000 	ldr.w	sl, [lr]
8780243a:	f1bb 0f00 	cmp.w	fp, #0
8780243e:	d05c      	beq.n	878024fa <vsscanf+0x552>
87802440:	f10e 0b04 	add.w	fp, lr, #4
87802444:	a901      	add	r1, sp, #4
87802446:	f7ff f9a5 	bl	87801794 <simple_strtol>
8780244a:	46de      	mov	lr, fp
8780244c:	f8aa 0000 	strh.w	r0, [sl]
87802450:	e009      	b.n	87802466 <vsscanf+0x4be>
87802452:	f8de a000 	ldr.w	sl, [lr]
87802456:	f10e 0b04 	add.w	fp, lr, #4
8780245a:	a901      	add	r1, sp, #4
8780245c:	f7ff f914 	bl	87801688 <simple_strtoul>
87802460:	46de      	mov	lr, fp
87802462:	f8ca 0000 	str.w	r0, [sl]
87802466:	9801      	ldr	r0, [sp, #4]
87802468:	3601      	adds	r6, #1
8780246a:	2800      	cmp	r0, #0
8780246c:	f43f adb3 	beq.w	87801fd6 <vsscanf+0x2e>
87802470:	f899 3001 	ldrb.w	r3, [r9, #1]
87802474:	e5a5      	b.n	87801fc2 <vsscanf+0x1a>
87802476:	f8de a000 	ldr.w	sl, [lr]
8780247a:	f1bb 0f00 	cmp.w	fp, #0
8780247e:	d033      	beq.n	878024e8 <vsscanf+0x540>
87802480:	f10e 0b04 	add.w	fp, lr, #4
87802484:	a901      	add	r1, sp, #4
87802486:	f7ff f985 	bl	87801794 <simple_strtol>
8780248a:	46de      	mov	lr, fp
8780248c:	f88a 0000 	strb.w	r0, [sl]
87802490:	e7e9      	b.n	87802466 <vsscanf+0x4be>
87802492:	f8de a000 	ldr.w	sl, [lr]
87802496:	f1bb 0f00 	cmp.w	fp, #0
8780249a:	d01c      	beq.n	878024d6 <vsscanf+0x52e>
8780249c:	f10e 0b04 	add.w	fp, lr, #4
878024a0:	a901      	add	r1, sp, #4
878024a2:	f7ff fa29 	bl	878018f8 <simple_strtoll>
878024a6:	46de      	mov	lr, fp
878024a8:	e9ca 0100 	strd	r0, r1, [sl]
878024ac:	e7db      	b.n	87802466 <vsscanf+0x4be>
878024ae:	f1bb 0f00 	cmp.w	fp, #0
878024b2:	d02b      	beq.n	8780250c <vsscanf+0x564>
878024b4:	f8de a000 	ldr.w	sl, [lr]
878024b8:	e7b4      	b.n	87802424 <vsscanf+0x47c>
878024ba:	f814 300a 	ldrb.w	r3, [r4, sl]
878024be:	f013 0f44 	tst.w	r3, #68	; 0x44
878024c2:	f47f aee4 	bne.w	8780228e <vsscanf+0x2e6>
878024c6:	e586      	b.n	87801fd6 <vsscanf+0x2e>
878024c8:	f814 300a 	ldrb.w	r3, [r4, sl]
878024cc:	069b      	lsls	r3, r3, #26
878024ce:	d535      	bpl.n	8780253c <vsscanf+0x594>
878024d0:	f06f 4300 	mvn.w	r3, #2147483648	; 0x80000000
878024d4:	e75c      	b.n	87802390 <vsscanf+0x3e8>
878024d6:	f10e 0b04 	add.w	fp, lr, #4
878024da:	a901      	add	r1, sp, #4
878024dc:	f7ff f968 	bl	878017b0 <simple_strtoull>
878024e0:	46de      	mov	lr, fp
878024e2:	e9ca 0100 	strd	r0, r1, [sl]
878024e6:	e7be      	b.n	87802466 <vsscanf+0x4be>
878024e8:	f10e 0b04 	add.w	fp, lr, #4
878024ec:	a901      	add	r1, sp, #4
878024ee:	f7ff f8cb 	bl	87801688 <simple_strtoul>
878024f2:	46de      	mov	lr, fp
878024f4:	f88a 0000 	strb.w	r0, [sl]
878024f8:	e7b5      	b.n	87802466 <vsscanf+0x4be>
878024fa:	f10e 0b04 	add.w	fp, lr, #4
878024fe:	a901      	add	r1, sp, #4
87802500:	f7ff f8c2 	bl	87801688 <simple_strtoul>
87802504:	46de      	mov	lr, fp
87802506:	f8aa 0000 	strh.w	r0, [sl]
8780250a:	e7ac      	b.n	87802466 <vsscanf+0x4be>
8780250c:	f8de a000 	ldr.w	sl, [lr]
87802510:	f10e 0b04 	add.w	fp, lr, #4
87802514:	a901      	add	r1, sp, #4
87802516:	f7ff f8b7 	bl	87801688 <simple_strtoul>
8780251a:	46de      	mov	lr, fp
8780251c:	f8ca 0000 	str.w	r0, [sl]
87802520:	e7a1      	b.n	87802466 <vsscanf+0x4be>
87802522:	f105 0902 	add.w	r9, r5, #2
87802526:	78a9      	ldrb	r1, [r5, #2]
87802528:	f04f 0c48 	mov.w	ip, #72	; 0x48
8780252c:	e59c      	b.n	87802068 <vsscanf+0xc0>
8780252e:	f1ba 0f2d 	cmp.w	sl, #45	; 0x2d
87802532:	f04f 0b01 	mov.w	fp, #1
87802536:	f43f ae97 	beq.w	87802268 <vsscanf+0x2c0>
8780253a:	e69e      	b.n	8780227a <vsscanf+0x2d2>
8780253c:	4652      	mov	r2, sl
8780253e:	f06f 4300 	mvn.w	r3, #2147483648	; 0x80000000
87802542:	e72e      	b.n	878023a2 <vsscanf+0x3fa>

87802544 <sscanf>:
87802544:	b40e      	push	{r1, r2, r3}
87802546:	b500      	push	{lr}
87802548:	aa02      	add	r2, sp, #8
8780254a:	9901      	ldr	r1, [sp, #4]
8780254c:	f7ff fd2c 	bl	87801fa8 <vsscanf>
87802550:	f85d eb04 	ldr.w	lr, [sp], #4
87802554:	b003      	add	sp, #12
87802556:	4770      	bx	lr

87802558 <printf>:
87802558:	b40f      	push	{r0, r1, r2, r3}
8780255a:	f243 107c 	movw	r0, #12668	; 0x317c
8780255e:	b570      	push	{r4, r5, r6, lr}
87802560:	f2c8 7080 	movt	r0, #34688	; 0x8780
87802564:	aa05      	add	r2, sp, #20
87802566:	2400      	movs	r4, #0
87802568:	9904      	ldr	r1, [sp, #16]
8780256a:	f7ff fd0b 	bl	87801f84 <vsprintf>
8780256e:	4d0b      	ldr	r5, [pc, #44]	; (8780259c <printf+0x44>)
87802570:	4606      	mov	r6, r0
87802572:	e003      	b.n	8780257c <printf+0x24>
87802574:	f815 0f01 	ldrb.w	r0, [r5, #1]!
87802578:	f7fe fb7e 	bl	87800c78 <putc>
8780257c:	f243 107c 	movw	r0, #12668	; 0x317c
87802580:	f2c8 7080 	movt	r0, #34688	; 0x8780
87802584:	f7fe fcf0 	bl	87800f68 <strlen>
87802588:	4284      	cmp	r4, r0
8780258a:	f104 0401 	add.w	r4, r4, #1
8780258e:	d3f1      	bcc.n	87802574 <printf+0x1c>
87802590:	4630      	mov	r0, r6
87802592:	e8bd 4070 	ldmia.w	sp!, {r4, r5, r6, lr}
87802596:	b004      	add	sp, #16
87802598:	4770      	bx	lr
8780259a:	bf00      	nop
8780259c:	8780317b 			; <UNDEFINED> instruction: 0x8780317b

878025a0 <scanf>:
878025a0:	b40f      	push	{r0, r1, r2, r3}
878025a2:	b570      	push	{r4, r5, r6, lr}
878025a4:	2500      	movs	r5, #0
878025a6:	4e10      	ldr	r6, [pc, #64]	; (878025e8 <scanf+0x48>)
878025a8:	e002      	b.n	878025b0 <scanf+0x10>
878025aa:	3501      	adds	r5, #1
878025ac:	f806 4f01 	strb.w	r4, [r6, #1]!
878025b0:	f7fe fb6e 	bl	87800c90 <getc>
878025b4:	4604      	mov	r4, r0
878025b6:	f7fe fb5f 	bl	87800c78 <putc>
878025ba:	2c0d      	cmp	r4, #13
878025bc:	bf18      	it	ne
878025be:	2c0a      	cmpne	r4, #10
878025c0:	d1f3      	bne.n	878025aa <scanf+0xa>
878025c2:	f243 107c 	movw	r0, #12668	; 0x317c
878025c6:	2300      	movs	r3, #0
878025c8:	f2c8 7080 	movt	r0, #34688	; 0x8780
878025cc:	aa05      	add	r2, sp, #20
878025ce:	4405      	add	r5, r0
878025d0:	9904      	ldr	r1, [sp, #16]
878025d2:	f500 6080 	add.w	r0, r0, #1024	; 0x400
878025d6:	f885 3400 	strb.w	r3, [r5, #1024]	; 0x400
878025da:	f7ff fce5 	bl	87801fa8 <vsscanf>
878025de:	e8bd 4070 	ldmia.w	sp!, {r4, r5, r6, lr}
878025e2:	b004      	add	sp, #16
878025e4:	4770      	bx	lr
878025e6:	bf00      	nop
878025e8:	8780357b 			; <UNDEFINED> instruction: 0x8780357b

878025ec <LCD_ReadID>:
878025ec:	f44f 7288 	mov.w	r2, #272	; 0x110
878025f0:	f44f 7367 	mov.w	r3, #924	; 0x39c
878025f4:	b570      	push	{r4, r5, r6, lr}
878025f6:	f2c0 220e 	movt	r2, #526	; 0x20e
878025fa:	b084      	sub	sp, #16
878025fc:	2405      	movs	r4, #5
878025fe:	f2c0 230e 	movt	r3, #526	; 0x20e
87802602:	f241 01b0 	movw	r1, #4272	; 0x10b0
87802606:	f44f 4080 	mov.w	r0, #16384	; 0x4000
8780260a:	6014      	str	r4, [r2, #0]
8780260c:	f2c0 200a 	movt	r0, #522	; 0x20a
87802610:	6019      	str	r1, [r3, #0]
87802612:	aa01      	add	r2, sp, #4
87802614:	2301      	movs	r3, #1
87802616:	2103      	movs	r1, #3
87802618:	9301      	str	r3, [sp, #4]
8780261a:	f88d 3008 	strb.w	r3, [sp, #8]
8780261e:	f44f 7670 	mov.w	r6, #960	; 0x3c0
87802622:	f7fd ff95 	bl	87800550 <GPIO_Init>
87802626:	f44f 739a 	mov.w	r3, #308	; 0x134
8780262a:	f44f 70aa 	mov.w	r0, #340	; 0x154
8780262e:	f2c0 230e 	movt	r3, #526	; 0x20e
87802632:	f2c0 200e 	movt	r0, #526	; 0x20e
87802636:	f44f 72ba 	mov.w	r2, #372	; 0x174
8780263a:	f44f 7578 	mov.w	r5, #992	; 0x3e0
8780263e:	f44f 6180 	mov.w	r1, #1024	; 0x400
87802642:	601c      	str	r4, [r3, #0]
87802644:	f2c0 220e 	movt	r2, #526	; 0x20e
87802648:	f24f 0380 	movw	r3, #61568	; 0xf080
8780264c:	6004      	str	r4, [r0, #0]
8780264e:	f2c0 250e 	movt	r5, #526	; 0x20e
87802652:	f2c0 210e 	movt	r1, #526	; 0x20e
87802656:	f2c0 260e 	movt	r6, #526	; 0x20e
8780265a:	f44f 4080 	mov.w	r0, #16384	; 0x4000
8780265e:	6014      	str	r4, [r2, #0]
87802660:	f2c0 200a 	movt	r0, #522	; 0x20a
87802664:	6033      	str	r3, [r6, #0]
87802666:	aa01      	add	r2, sp, #4
87802668:	602b      	str	r3, [r5, #0]
8780266a:	2400      	movs	r4, #0
8780266c:	600b      	str	r3, [r1, #0]
8780266e:	210c      	movs	r1, #12
87802670:	9401      	str	r4, [sp, #4]
87802672:	f7fd ff6d 	bl	87800550 <GPIO_Init>
87802676:	f44f 4080 	mov.w	r0, #16384	; 0x4000
8780267a:	aa01      	add	r2, sp, #4
8780267c:	2114      	movs	r1, #20
8780267e:	f2c0 200a 	movt	r0, #522	; 0x20a
87802682:	f7fd ff65 	bl	87800550 <GPIO_Init>
87802686:	f44f 4080 	mov.w	r0, #16384	; 0x4000
8780268a:	aa01      	add	r2, sp, #4
8780268c:	211c      	movs	r1, #28
8780268e:	f2c0 200a 	movt	r0, #522	; 0x20a
87802692:	f7fd ff5d 	bl	87800550 <GPIO_Init>
87802696:	f44f 4080 	mov.w	r0, #16384	; 0x4000
8780269a:	211c      	movs	r1, #28
8780269c:	f2c0 200a 	movt	r0, #522	; 0x20a
878026a0:	f7fd fee8 	bl	87800474 <GPIO_ReadPin>
878026a4:	4604      	mov	r4, r0
878026a6:	f44f 4080 	mov.w	r0, #16384	; 0x4000
878026aa:	2114      	movs	r1, #20
878026ac:	f2c0 200a 	movt	r0, #522	; 0x20a
878026b0:	f7fd fee0 	bl	87800474 <GPIO_ReadPin>
878026b4:	4605      	mov	r5, r0
878026b6:	f44f 4080 	mov.w	r0, #16384	; 0x4000
878026ba:	f2c0 200a 	movt	r0, #522	; 0x20a
878026be:	210c      	movs	r1, #12
878026c0:	f7fd fed8 	bl	87800474 <GPIO_ReadPin>
878026c4:	0080      	lsls	r0, r0, #2
878026c6:	ea40 0045 	orr.w	r0, r0, r5, lsl #1
878026ca:	4320      	orrs	r0, r4
878026cc:	f010 00ff 	ands.w	r0, r0, #255	; 0xff
878026d0:	bf08      	it	eq
878026d2:	f244 3042 	movweq	r0, #17218	; 0x4342
878026d6:	d101      	bne.n	878026dc <LCD_ReadID+0xf0>
878026d8:	b004      	add	sp, #16
878026da:	bd70      	pop	{r4, r5, r6, pc}
878026dc:	2801      	cmp	r0, #1
878026de:	bf08      	it	eq
878026e0:	f247 0084 	movweq	r0, #28804	; 0x7084
878026e4:	d0f8      	beq.n	878026d8 <LCD_ReadID+0xec>
878026e6:	2802      	cmp	r0, #2
878026e8:	bf08      	it	eq
878026ea:	f247 0016 	movweq	r0, #28694	; 0x7016
878026ee:	d0f3      	beq.n	878026d8 <LCD_ReadID+0xec>
878026f0:	2804      	cmp	r0, #4
878026f2:	bf08      	it	eq
878026f4:	f244 3084 	movweq	r0, #17284	; 0x4384
878026f8:	d0ee      	beq.n	878026d8 <LCD_ReadID+0xec>
878026fa:	2805      	cmp	r0, #5
878026fc:	bf08      	it	eq
878026fe:	f241 0018 	movweq	r0, #4120	; 0x1018
87802702:	d0e9      	beq.n	878026d8 <LCD_ReadID+0xec>
87802704:	2807      	cmp	r0, #7
87802706:	bf0c      	ite	eq
87802708:	f44f 407f 	moveq.w	r0, #65280	; 0xff00
8780270c:	2000      	movne	r0, #0
8780270e:	e7e3      	b.n	878026d8 <LCD_ReadID+0xec>

87802710 <LCD_Init>:
87802710:	b508      	push	{r3, lr}
87802712:	f7ff ff6b 	bl	878025ec <LCD_ReadID>
87802716:	4601      	mov	r1, r0
87802718:	f642 305c 	movw	r0, #11100	; 0x2b5c
8780271c:	f2c8 7080 	movt	r0, #34688	; 0x8780
87802720:	e8bd 4008 	ldmia.w	sp!, {r3, lr}
87802724:	f7ff bf18 	b.w	87802558 <printf>

87802728 <__aeabi_uidiv>:
87802728:	1e4a      	subs	r2, r1, #1
8780272a:	bf08      	it	eq
8780272c:	4770      	bxeq	lr
8780272e:	f0c0 8124 	bcc.w	8780297a <__aeabi_uidiv+0x252>
87802732:	4288      	cmp	r0, r1
87802734:	f240 8116 	bls.w	87802964 <__aeabi_uidiv+0x23c>
87802738:	4211      	tst	r1, r2
8780273a:	f000 8117 	beq.w	8780296c <__aeabi_uidiv+0x244>
8780273e:	fab0 f380 	clz	r3, r0
87802742:	fab1 f281 	clz	r2, r1
87802746:	eba2 0303 	sub.w	r3, r2, r3
8780274a:	f1c3 031f 	rsb	r3, r3, #31
8780274e:	a204      	add	r2, pc, #16	; (adr r2, 87802760 <__aeabi_uidiv+0x38>)
87802750:	eb02 1303 	add.w	r3, r2, r3, lsl #4
87802754:	f04f 0200 	mov.w	r2, #0
87802758:	469f      	mov	pc, r3
8780275a:	bf00      	nop
8780275c:	f3af 8000 	nop.w
87802760:	ebb0 7fc1 	cmp.w	r0, r1, lsl #31
87802764:	bf00      	nop
87802766:	eb42 0202 	adc.w	r2, r2, r2
8780276a:	bf28      	it	cs
8780276c:	eba0 70c1 	subcs.w	r0, r0, r1, lsl #31
87802770:	ebb0 7f81 	cmp.w	r0, r1, lsl #30
87802774:	bf00      	nop
87802776:	eb42 0202 	adc.w	r2, r2, r2
8780277a:	bf28      	it	cs
8780277c:	eba0 7081 	subcs.w	r0, r0, r1, lsl #30
87802780:	ebb0 7f41 	cmp.w	r0, r1, lsl #29
87802784:	bf00      	nop
87802786:	eb42 0202 	adc.w	r2, r2, r2
8780278a:	bf28      	it	cs
8780278c:	eba0 7041 	subcs.w	r0, r0, r1, lsl #29
87802790:	ebb0 7f01 	cmp.w	r0, r1, lsl #28
87802794:	bf00      	nop
87802796:	eb42 0202 	adc.w	r2, r2, r2
8780279a:	bf28      	it	cs
8780279c:	eba0 7001 	subcs.w	r0, r0, r1, lsl #28
878027a0:	ebb0 6fc1 	cmp.w	r0, r1, lsl #27
878027a4:	bf00      	nop
878027a6:	eb42 0202 	adc.w	r2, r2, r2
878027aa:	bf28      	it	cs
878027ac:	eba0 60c1 	subcs.w	r0, r0, r1, lsl #27
878027b0:	ebb0 6f81 	cmp.w	r0, r1, lsl #26
878027b4:	bf00      	nop
878027b6:	eb42 0202 	adc.w	r2, r2, r2
878027ba:	bf28      	it	cs
878027bc:	eba0 6081 	subcs.w	r0, r0, r1, lsl #26
878027c0:	ebb0 6f41 	cmp.w	r0, r1, lsl #25
878027c4:	bf00      	nop
878027c6:	eb42 0202 	adc.w	r2, r2, r2
878027ca:	bf28      	it	cs
878027cc:	eba0 6041 	subcs.w	r0, r0, r1, lsl #25
878027d0:	ebb0 6f01 	cmp.w	r0, r1, lsl #24
878027d4:	bf00      	nop
878027d6:	eb42 0202 	adc.w	r2, r2, r2
878027da:	bf28      	it	cs
878027dc:	eba0 6001 	subcs.w	r0, r0, r1, lsl #24
878027e0:	ebb0 5fc1 	cmp.w	r0, r1, lsl #23
878027e4:	bf00      	nop
878027e6:	eb42 0202 	adc.w	r2, r2, r2
878027ea:	bf28      	it	cs
878027ec:	eba0 50c1 	subcs.w	r0, r0, r1, lsl #23
878027f0:	ebb0 5f81 	cmp.w	r0, r1, lsl #22
878027f4:	bf00      	nop
878027f6:	eb42 0202 	adc.w	r2, r2, r2
878027fa:	bf28      	it	cs
878027fc:	eba0 5081 	subcs.w	r0, r0, r1, lsl #22
87802800:	ebb0 5f41 	cmp.w	r0, r1, lsl #21
87802804:	bf00      	nop
87802806:	eb42 0202 	adc.w	r2, r2, r2
8780280a:	bf28      	it	cs
8780280c:	eba0 5041 	subcs.w	r0, r0, r1, lsl #21
87802810:	ebb0 5f01 	cmp.w	r0, r1, lsl #20
87802814:	bf00      	nop
87802816:	eb42 0202 	adc.w	r2, r2, r2
8780281a:	bf28      	it	cs
8780281c:	eba0 5001 	subcs.w	r0, r0, r1, lsl #20
87802820:	ebb0 4fc1 	cmp.w	r0, r1, lsl #19
87802824:	bf00      	nop
87802826:	eb42 0202 	adc.w	r2, r2, r2
8780282a:	bf28      	it	cs
8780282c:	eba0 40c1 	subcs.w	r0, r0, r1, lsl #19
87802830:	ebb0 4f81 	cmp.w	r0, r1, lsl #18
87802834:	bf00      	nop
87802836:	eb42 0202 	adc.w	r2, r2, r2
8780283a:	bf28      	it	cs
8780283c:	eba0 4081 	subcs.w	r0, r0, r1, lsl #18
87802840:	ebb0 4f41 	cmp.w	r0, r1, lsl #17
87802844:	bf00      	nop
87802846:	eb42 0202 	adc.w	r2, r2, r2
8780284a:	bf28      	it	cs
8780284c:	eba0 4041 	subcs.w	r0, r0, r1, lsl #17
87802850:	ebb0 4f01 	cmp.w	r0, r1, lsl #16
87802854:	bf00      	nop
87802856:	eb42 0202 	adc.w	r2, r2, r2
8780285a:	bf28      	it	cs
8780285c:	eba0 4001 	subcs.w	r0, r0, r1, lsl #16
87802860:	ebb0 3fc1 	cmp.w	r0, r1, lsl #15
87802864:	bf00      	nop
87802866:	eb42 0202 	adc.w	r2, r2, r2
8780286a:	bf28      	it	cs
8780286c:	eba0 30c1 	subcs.w	r0, r0, r1, lsl #15
87802870:	ebb0 3f81 	cmp.w	r0, r1, lsl #14
87802874:	bf00      	nop
87802876:	eb42 0202 	adc.w	r2, r2, r2
8780287a:	bf28      	it	cs
8780287c:	eba0 3081 	subcs.w	r0, r0, r1, lsl #14
87802880:	ebb0 3f41 	cmp.w	r0, r1, lsl #13
87802884:	bf00      	nop
87802886:	eb42 0202 	adc.w	r2, r2, r2
8780288a:	bf28      	it	cs
8780288c:	eba0 3041 	subcs.w	r0, r0, r1, lsl #13
87802890:	ebb0 3f01 	cmp.w	r0, r1, lsl #12
87802894:	bf00      	nop
87802896:	eb42 0202 	adc.w	r2, r2, r2
8780289a:	bf28      	it	cs
8780289c:	eba0 3001 	subcs.w	r0, r0, r1, lsl #12
878028a0:	ebb0 2fc1 	cmp.w	r0, r1, lsl #11
878028a4:	bf00      	nop
878028a6:	eb42 0202 	adc.w	r2, r2, r2
878028aa:	bf28      	it	cs
878028ac:	eba0 20c1 	subcs.w	r0, r0, r1, lsl #11
878028b0:	ebb0 2f81 	cmp.w	r0, r1, lsl #10
878028b4:	bf00      	nop
878028b6:	eb42 0202 	adc.w	r2, r2, r2
878028ba:	bf28      	it	cs
878028bc:	eba0 2081 	subcs.w	r0, r0, r1, lsl #10
878028c0:	ebb0 2f41 	cmp.w	r0, r1, lsl #9
878028c4:	bf00      	nop
878028c6:	eb42 0202 	adc.w	r2, r2, r2
878028ca:	bf28      	it	cs
878028cc:	eba0 2041 	subcs.w	r0, r0, r1, lsl #9
878028d0:	ebb0 2f01 	cmp.w	r0, r1, lsl #8
878028d4:	bf00      	nop
878028d6:	eb42 0202 	adc.w	r2, r2, r2
878028da:	bf28      	it	cs
878028dc:	eba0 2001 	subcs.w	r0, r0, r1, lsl #8
878028e0:	ebb0 1fc1 	cmp.w	r0, r1, lsl #7
878028e4:	bf00      	nop
878028e6:	eb42 0202 	adc.w	r2, r2, r2
878028ea:	bf28      	it	cs
878028ec:	eba0 10c1 	subcs.w	r0, r0, r1, lsl #7
878028f0:	ebb0 1f81 	cmp.w	r0, r1, lsl #6
878028f4:	bf00      	nop
878028f6:	eb42 0202 	adc.w	r2, r2, r2
878028fa:	bf28      	it	cs
878028fc:	eba0 1081 	subcs.w	r0, r0, r1, lsl #6
87802900:	ebb0 1f41 	cmp.w	r0, r1, lsl #5
87802904:	bf00      	nop
87802906:	eb42 0202 	adc.w	r2, r2, r2
8780290a:	bf28      	it	cs
8780290c:	eba0 1041 	subcs.w	r0, r0, r1, lsl #5
87802910:	ebb0 1f01 	cmp.w	r0, r1, lsl #4
87802914:	bf00      	nop
87802916:	eb42 0202 	adc.w	r2, r2, r2
8780291a:	bf28      	it	cs
8780291c:	eba0 1001 	subcs.w	r0, r0, r1, lsl #4
87802920:	ebb0 0fc1 	cmp.w	r0, r1, lsl #3
87802924:	bf00      	nop
87802926:	eb42 0202 	adc.w	r2, r2, r2
8780292a:	bf28      	it	cs
8780292c:	eba0 00c1 	subcs.w	r0, r0, r1, lsl #3
87802930:	ebb0 0f81 	cmp.w	r0, r1, lsl #2
87802934:	bf00      	nop
87802936:	eb42 0202 	adc.w	r2, r2, r2
8780293a:	bf28      	it	cs
8780293c:	eba0 0081 	subcs.w	r0, r0, r1, lsl #2
87802940:	ebb0 0f41 	cmp.w	r0, r1, lsl #1
87802944:	bf00      	nop
87802946:	eb42 0202 	adc.w	r2, r2, r2
8780294a:	bf28      	it	cs
8780294c:	eba0 0041 	subcs.w	r0, r0, r1, lsl #1
87802950:	ebb0 0f01 	cmp.w	r0, r1
87802954:	bf00      	nop
87802956:	eb42 0202 	adc.w	r2, r2, r2
8780295a:	bf28      	it	cs
8780295c:	eba0 0001 	subcs.w	r0, r0, r1
87802960:	4610      	mov	r0, r2
87802962:	4770      	bx	lr
87802964:	bf0c      	ite	eq
87802966:	2001      	moveq	r0, #1
87802968:	2000      	movne	r0, #0
8780296a:	4770      	bx	lr
8780296c:	fab1 f281 	clz	r2, r1
87802970:	f1c2 021f 	rsb	r2, r2, #31
87802974:	fa20 f002 	lsr.w	r0, r0, r2
87802978:	4770      	bx	lr
8780297a:	b108      	cbz	r0, 87802980 <__aeabi_uidiv+0x258>
8780297c:	f04f 30ff 	mov.w	r0, #4294967295	; 0xffffffff
87802980:	f000 b826 	b.w	878029d0 <__aeabi_idiv0>

87802984 <__aeabi_uidivmod>:
87802984:	2900      	cmp	r1, #0
87802986:	d0f8      	beq.n	8780297a <__aeabi_uidiv+0x252>
87802988:	e92d 4003 	stmdb	sp!, {r0, r1, lr}
8780298c:	f7ff fecc 	bl	87802728 <__aeabi_uidiv>
87802990:	e8bd 4006 	ldmia.w	sp!, {r1, r2, lr}
87802994:	fb02 f300 	mul.w	r3, r2, r0
87802998:	eba1 0103 	sub.w	r1, r1, r3
8780299c:	4770      	bx	lr
8780299e:	bf00      	nop

878029a0 <__aeabi_uldivmod>:
878029a0:	b953      	cbnz	r3, 878029b8 <__aeabi_uldivmod+0x18>
878029a2:	b94a      	cbnz	r2, 878029b8 <__aeabi_uldivmod+0x18>
878029a4:	2900      	cmp	r1, #0
878029a6:	bf08      	it	eq
878029a8:	2800      	cmpeq	r0, #0
878029aa:	bf1c      	itt	ne
878029ac:	f04f 31ff 	movne.w	r1, #4294967295	; 0xffffffff
878029b0:	f04f 30ff 	movne.w	r0, #4294967295	; 0xffffffff
878029b4:	f000 b80c 	b.w	878029d0 <__aeabi_idiv0>
878029b8:	f1ad 0c08 	sub.w	ip, sp, #8
878029bc:	e96d ce04 	strd	ip, lr, [sp, #-16]!
878029c0:	f000 f80c 	bl	878029dc <__udivmoddi4>
878029c4:	f8dd e004 	ldr.w	lr, [sp, #4]
878029c8:	e9dd 2302 	ldrd	r2, r3, [sp, #8]
878029cc:	b004      	add	sp, #16
878029ce:	4770      	bx	lr

878029d0 <__aeabi_idiv0>:
878029d0:	b502      	push	{r1, lr}
878029d2:	f04f 0008 	mov.w	r0, #8
878029d6:	f7fe f94d 	bl	87800c74 <raise>
878029da:	bd02      	pop	{r1, pc}

878029dc <__udivmoddi4>:
878029dc:	e92d 43f0 	stmdb	sp!, {r4, r5, r6, r7, r8, r9, lr}
878029e0:	460d      	mov	r5, r1
878029e2:	429d      	cmp	r5, r3
878029e4:	4604      	mov	r4, r0
878029e6:	4610      	mov	r0, r2
878029e8:	4619      	mov	r1, r3
878029ea:	bf08      	it	eq
878029ec:	4284      	cmpeq	r4, r0
878029ee:	9a07      	ldr	r2, [sp, #28]
878029f0:	bf3c      	itt	cc
878029f2:	2000      	movcc	r0, #0
878029f4:	2100      	movcc	r1, #0
878029f6:	d36a      	bcc.n	87802ace <__udivmoddi4+0xf2>
878029f8:	fab1 f681 	clz	r6, r1
878029fc:	2900      	cmp	r1, #0
878029fe:	d06f      	beq.n	87802ae0 <__udivmoddi4+0x104>
87802a00:	fab5 f385 	clz	r3, r5
87802a04:	2d00      	cmp	r5, #0
87802a06:	d067      	beq.n	87802ad8 <__udivmoddi4+0xfc>
87802a08:	1af3      	subs	r3, r6, r3
87802a0a:	f1a3 0c20 	sub.w	ip, r3, #32
87802a0e:	fa01 f703 	lsl.w	r7, r1, r3
87802a12:	fa00 fe0c 	lsl.w	lr, r0, ip
87802a16:	f1c3 0820 	rsb	r8, r3, #32
87802a1a:	fa20 f108 	lsr.w	r1, r0, r8
87802a1e:	fa00 f603 	lsl.w	r6, r0, r3
87802a22:	ea47 070e 	orr.w	r7, r7, lr
87802a26:	469e      	mov	lr, r3
87802a28:	430f      	orrs	r7, r1
87802a2a:	42bd      	cmp	r5, r7
87802a2c:	bf08      	it	eq
87802a2e:	42b4      	cmpeq	r4, r6
87802a30:	bf3c      	itt	cc
87802a32:	2000      	movcc	r0, #0
87802a34:	2100      	movcc	r1, #0
87802a36:	d30c      	bcc.n	87802a52 <__udivmoddi4+0x76>
87802a38:	f04f 0901 	mov.w	r9, #1
87802a3c:	1ba4      	subs	r4, r4, r6
87802a3e:	fa29 f808 	lsr.w	r8, r9, r8
87802a42:	fa09 f10c 	lsl.w	r1, r9, ip
87802a46:	fa09 f003 	lsl.w	r0, r9, r3
87802a4a:	ea41 0108 	orr.w	r1, r1, r8
87802a4e:	eb65 0507 	sbc.w	r5, r5, r7
87802a52:	2b00      	cmp	r3, #0
87802a54:	d03b      	beq.n	87802ace <__udivmoddi4+0xf2>
87802a56:	087f      	lsrs	r7, r7, #1
87802a58:	ea4f 0636 	mov.w	r6, r6, rrx
87802a5c:	e009      	b.n	87802a72 <__udivmoddi4+0x96>
87802a5e:	1ba4      	subs	r4, r4, r6
87802a60:	eb65 0507 	sbc.w	r5, r5, r7
87802a64:	1924      	adds	r4, r4, r4
87802a66:	416d      	adcs	r5, r5
87802a68:	3401      	adds	r4, #1
87802a6a:	f145 0500 	adc.w	r5, r5, #0
87802a6e:	3b01      	subs	r3, #1
87802a70:	d007      	beq.n	87802a82 <__udivmoddi4+0xa6>
87802a72:	42bd      	cmp	r5, r7
87802a74:	bf08      	it	eq
87802a76:	42b4      	cmpeq	r4, r6
87802a78:	d2f1      	bcs.n	87802a5e <__udivmoddi4+0x82>
87802a7a:	1924      	adds	r4, r4, r4
87802a7c:	416d      	adcs	r5, r5
87802a7e:	3b01      	subs	r3, #1
87802a80:	d1f7      	bne.n	87802a72 <__udivmoddi4+0x96>
87802a82:	f1ce 0720 	rsb	r7, lr, #32
87802a86:	fa24 f60e 	lsr.w	r6, r4, lr
87802a8a:	fa05 f707 	lsl.w	r7, r5, r7
87802a8e:	f1ae 0320 	sub.w	r3, lr, #32
87802a92:	fa25 f303 	lsr.w	r3, r5, r3
87802a96:	fa25 fc0e 	lsr.w	ip, r5, lr
87802a9a:	1900      	adds	r0, r0, r4
87802a9c:	ea46 0607 	orr.w	r6, r6, r7
87802aa0:	ea46 0403 	orr.w	r4, r6, r3
87802aa4:	4169      	adcs	r1, r5
87802aa6:	4665      	mov	r5, ip
87802aa8:	f1ae 0c20 	sub.w	ip, lr, #32
87802aac:	fa05 f70e 	lsl.w	r7, r5, lr
87802ab0:	fa04 fc0c 	lsl.w	ip, r4, ip
87802ab4:	fa04 f60e 	lsl.w	r6, r4, lr
87802ab8:	f1ce 0320 	rsb	r3, lr, #32
87802abc:	fa24 f303 	lsr.w	r3, r4, r3
87802ac0:	ea47 070c 	orr.w	r7, r7, ip
87802ac4:	1b80      	subs	r0, r0, r6
87802ac6:	ea47 0703 	orr.w	r7, r7, r3
87802aca:	eb61 0107 	sbc.w	r1, r1, r7
87802ace:	b10a      	cbz	r2, 87802ad4 <__udivmoddi4+0xf8>
87802ad0:	e9c2 4500 	strd	r4, r5, [r2]
87802ad4:	e8bd 83f0 	ldmia.w	sp!, {r4, r5, r6, r7, r8, r9, pc}
87802ad8:	fab4 f384 	clz	r3, r4
87802adc:	3320      	adds	r3, #32
87802ade:	e793      	b.n	87802a08 <__udivmoddi4+0x2c>
87802ae0:	fab0 f380 	clz	r3, r0
87802ae4:	f103 0620 	add.w	r6, r3, #32
87802ae8:	fab5 f385 	clz	r3, r5
87802aec:	2d00      	cmp	r5, #0
87802aee:	d18b      	bne.n	87802a08 <__udivmoddi4+0x2c>
87802af0:	e7f2      	b.n	87802ad8 <__udivmoddi4+0xfc>
87802af2:	bf00      	nop
87802af4:	0000      	movs	r0, r0
	...

87802af8 <__main_from_arm>:
87802af8:	e51ff004 	ldr	pc, [pc, #-4]	; 87802afc <__main_from_arm+0x4>
87802afc:	87802b01 	strhi	r2, [r0, r1, lsl #22]

Disassembly of section .text.startup:

87802b00 <main>:
87802b00:	b508      	push	{r3, lr}
87802b02:	f7fd fd9b 	bl	8780063c <Int_Init>
87802b06:	f7fd fb55 	bl	878001b4 <imx6u_clkinit>
87802b0a:	f7fd fb43 	bl	87800194 <Clock_Enable>
87802b0e:	f7fd fbaf 	bl	87800270 <LED_Init>
87802b12:	f7fd fc3b 	bl	8780038c <beep_Init>
87802b16:	f7fd fe9d 	bl	87800854 <Keyfilter_Init>
87802b1a:	f7fd fe4d 	bl	878007b8 <Keyfilter_Epit_Init>
87802b1e:	f7fd fbd1 	bl	878002c4 <delay_Init>
87802b22:	f7fd ffc5 	bl	87800ab0 <UART1_Init>
87802b26:	f7ff fdf3 	bl	87802710 <LCD_Init>
87802b2a:	e7fe      	b.n	87802b2a <main+0x2a>

Disassembly of section .rodata:

87802b2c <CSWTCH.8>:
87802b2c:	00000004 	andeq	r0, r0, r4
87802b30:	00000003 	andeq	r0, r0, r3
87802b34:	00000002 	andeq	r0, r0, r2
87802b38:	00000001 	andeq	r0, r0, r1
87802b3c:	00000000 	andeq	r0, r0, r0
87802b40:	00000006 	andeq	r0, r0, r6

87802b44 <digits.7688>:
87802b44:	33323130 	teqcc	r2, #48, 2
87802b48:	37363534 			; <UNDEFINED> instruction: 0x37363534
87802b4c:	42413938 	submi	r3, r1, #56, 18	; 0xe0000
87802b50:	46454443 	strbmi	r4, [r5], -r3, asr #8
87802b54:	4c554e3c 	mrrcmi	14, 3, r4, r5, cr12
87802b58:	00003e4c 	andeq	r3, r0, ip, asr #28
87802b5c:	2044434c 	subcs	r4, r4, ip, asr #6
87802b60:	3d204449 	cfstrscc	mvf4, [r0, #-292]!	; 0xfffffedc
87802b64:	0a642520 	beq	8910bfec <__bss_end+0x190866c>
87802b68:	00000000 	andeq	r0, r0, r0

Disassembly of section .ARM.exidx:

87802b6c <.ARM.exidx>:
87802b6c:	7ffffe70 	svcvc	0x00fffe70
87802b70:	00000001 	andeq	r0, r0, r1

Disassembly of section .data:

87802b74 <_ctype>:
87802b74:	08080808 	stmdaeq	r8, {r3, fp}
87802b78:	08080808 	stmdaeq	r8, {r3, fp}
87802b7c:	28282808 	stmdacs	r8!, {r3, fp, sp}
87802b80:	08082828 	stmdaeq	r8, {r3, r5, fp, sp}
87802b84:	08080808 	stmdaeq	r8, {r3, fp}
87802b88:	08080808 	stmdaeq	r8, {r3, fp}
87802b8c:	08080808 	stmdaeq	r8, {r3, fp}
87802b90:	08080808 	stmdaeq	r8, {r3, fp}
87802b94:	101010a0 	andsne	r1, r0, r0, lsr #1
87802b98:	10101010 	andsne	r1, r0, r0, lsl r0
87802b9c:	10101010 	andsne	r1, r0, r0, lsl r0
87802ba0:	10101010 	andsne	r1, r0, r0, lsl r0
87802ba4:	04040404 	streq	r0, [r4], #-1028	; 0x404
87802ba8:	04040404 	streq	r0, [r4], #-1028	; 0x404
87802bac:	10100404 	andsne	r0, r0, r4, lsl #8
87802bb0:	10101010 	andsne	r1, r0, r0, lsl r0
87802bb4:	41414110 	cmpmi	r1, r0, lsl r1
87802bb8:	01414141 	cmpeq	r1, r1, asr #2
87802bbc:	01010101 	tsteq	r1, r1, lsl #2
87802bc0:	01010101 	tsteq	r1, r1, lsl #2
87802bc4:	01010101 	tsteq	r1, r1, lsl #2
87802bc8:	01010101 	tsteq	r1, r1, lsl #2
87802bcc:	10010101 	andne	r0, r1, r1, lsl #2
87802bd0:	10101010 	andsne	r1, r0, r0, lsl r0
87802bd4:	42424210 	submi	r4, r2, #16, 4
87802bd8:	02424242 	subeq	r4, r2, #536870916	; 0x20000004
87802bdc:	02020202 	andeq	r0, r2, #536870912	; 0x20000000
87802be0:	02020202 	andeq	r0, r2, #536870912	; 0x20000000
87802be4:	02020202 	andeq	r0, r2, #536870912	; 0x20000000
87802be8:	02020202 	andeq	r0, r2, #536870912	; 0x20000000
87802bec:	10020202 	andne	r0, r2, r2, lsl #4
87802bf0:	08101010 	ldmdaeq	r0, {r4, ip}
	...
87802c14:	101010a0 	andsne	r1, r0, r0, lsr #1
87802c18:	10101010 	andsne	r1, r0, r0, lsl r0
87802c1c:	10101010 	andsne	r1, r0, r0, lsl r0
87802c20:	10101010 	andsne	r1, r0, r0, lsl r0
87802c24:	10101010 	andsne	r1, r0, r0, lsl r0
87802c28:	10101010 	andsne	r1, r0, r0, lsl r0
87802c2c:	10101010 	andsne	r1, r0, r0, lsl r0
87802c30:	10101010 	andsne	r1, r0, r0, lsl r0
87802c34:	01010101 	tsteq	r1, r1, lsl #2
87802c38:	01010101 	tsteq	r1, r1, lsl #2
87802c3c:	01010101 	tsteq	r1, r1, lsl #2
87802c40:	01010101 	tsteq	r1, r1, lsl #2
87802c44:	01010101 	tsteq	r1, r1, lsl #2
87802c48:	10010101 	andne	r0, r1, r1, lsl #2
87802c4c:	01010101 	tsteq	r1, r1, lsl #2
87802c50:	02010101 	andeq	r0, r1, #1073741824	; 0x40000000
87802c54:	02020202 	andeq	r0, r2, #536870912	; 0x20000000
87802c58:	02020202 	andeq	r0, r2, #536870912	; 0x20000000
87802c5c:	02020202 	andeq	r0, r2, #536870912	; 0x20000000
87802c60:	02020202 	andeq	r0, r2, #536870912	; 0x20000000
87802c64:	02020202 	andeq	r0, r2, #536870912	; 0x20000000
87802c68:	10020202 	andne	r0, r2, r2, lsl #4
87802c6c:	02020202 	andeq	r0, r2, #536870912	; 0x20000000
87802c70:	02020202 	andeq	r0, r2, #536870912	; 0x20000000

Disassembly of section .bss:

87802c74 <__bss_start>:
	...

87803174 <irqNesting>:
87803174:	00000000 	andeq	r0, r0, r0

87803178 <Beep_Flag.7523>:
87803178:	00000000 	andeq	r0, r0, r0

8780317c <g_pcOutBuf>:
	...

8780357c <g_pcInBuf>:
	...

8780397c <___strtok>:
8780397c:	00000000 	andeq	r0, r0, r0

Disassembly of section .comment:

00000000 <.comment>:
   0:	3a434347 	bcc	10d0d24 <shift+0x10d0d24>
   4:	694c2820 	stmdbvs	ip, {r5, fp, sp}^
   8:	6f72616e 	svcvs	0x0072616e
   c:	43434720 	movtmi	r4, #14112	; 0x3720
  10:	392e3420 	stmdbcc	lr!, {r5, sl, ip, sp}
  14:	3130322d 	teqcc	r0, sp, lsr #4
  18:	31302e37 	teqcc	r0, r7, lsr lr
  1c:	2e342029 	cdpcs	0, 3, cr2, cr4, cr9, {1}
  20:	00342e39 	eorseq	r2, r4, r9, lsr lr

Disassembly of section .ARM.attributes:

00000000 <.ARM.attributes>:
   0:	00003041 	andeq	r3, r0, r1, asr #32
   4:	61656100 	cmnvs	r5, r0, lsl #2
   8:	01006962 	tsteq	r0, r2, ror #18
   c:	00000026 	andeq	r0, r0, r6, lsr #32
  10:	412d3705 	teqmi	sp, r5, lsl #14
  14:	070a0600 	streq	r0, [sl, -r0, lsl #12]
  18:	09010841 	stmdbeq	r1, {r0, r6, fp}
  1c:	12040a02 	andne	r0, r4, #8192	; 0x2000
  20:	15011404 	strne	r1, [r1, #-1028]	; 0x404
  24:	18031701 	stmdane	r3, {r0, r8, r9, sl, ip}
  28:	1b021a01 	blne	86834 <shift+0x86834>
  2c:	22011c03 	andcs	r1, r1, #768	; 0x300
  30:	地址 0x0000000000000030 越界。


Disassembly of section .debug_frame:

00000000 <.debug_frame>:
   0:	0000000c 	andeq	r0, r0, ip
   4:	ffffffff 			; <UNDEFINED> instruction: 0xffffffff
   8:	7c010001 	stcvc	0, cr0, [r1], {1}
   c:	000d0c0e 	andeq	r0, sp, lr, lsl #24
  10:	0000000c 	andeq	r0, r0, ip
  14:	00000000 	andeq	r0, r0, r0
  18:	87802729 	strhi	r2, [r0, r9, lsr #14]
  1c:	0000025c 	andeq	r0, r0, ip, asr r2
  20:	0000000c 	andeq	r0, r0, ip
  24:	ffffffff 			; <UNDEFINED> instruction: 0xffffffff
  28:	7c020001 	stcvc	0, cr0, [r2], {1}
  2c:	000d0c0e 	andeq	r0, sp, lr, lsl #24
  30:	00000018 	andeq	r0, r0, r8, lsl r0
  34:	00000020 	andeq	r0, r0, r0, lsr #32
  38:	878029a0 	strhi	r2, [r0, r0, lsr #19]
  3c:	00000030 	andeq	r0, r0, r0, lsr r0
  40:	8e100e50 	mrchi	14, 0, r0, cr0, cr0, {2}
  44:	0ece4703 	cdpeq	7, 12, cr4, cr14, cr3, {0}
  48:	00000010 	andeq	r0, r0, r0, lsl r0
  4c:	0000000c 	andeq	r0, r0, ip
  50:	ffffffff 			; <UNDEFINED> instruction: 0xffffffff
  54:	7c020001 	stcvc	0, cr0, [r2], {1}
  58:	000d0c0e 	andeq	r0, sp, lr, lsl #24
  5c:	00000020 	andeq	r0, r0, r0, lsr #32
  60:	0000004c 	andeq	r0, r0, ip, asr #32
  64:	878029dc 			; <UNDEFINED> instruction: 0x878029dc
  68:	00000116 	andeq	r0, r0, r6, lsl r1
  6c:	841c0e42 	ldrhi	r0, [ip], #-3650	; 0xe42
  70:	86068507 	strhi	r8, [r6], -r7, lsl #10
  74:	88048705 	stmdahi	r4, {r0, r2, r8, r9, sl, pc}
  78:	8e028903 	cdphi	9, 0, cr8, cr2, cr3, {0}
  7c:	00000001 	andeq	r0, r0, r1

Disassembly of section .debug_line:

00000000 <.debug_line>:
   0:	00000100 	andeq	r0, r0, r0, lsl #2
   4:	00c70002 	sbceq	r0, r7, r2
   8:	01020000 	mrseq	r0, (UNDEF: 2)
   c:	000d0efb 	strdeq	r0, [sp], -fp
  10:	01010101 	tsteq	r1, r1, lsl #2
  14:	01000000 	mrseq	r0, (UNDEF: 0)
  18:	2f010000 	svccs	0x00010000
  1c:	656d6f68 	strbvs	r6, [sp, #-3944]!	; 0xf68
  20:	7763742f 	strbvc	r7, [r3, -pc, lsr #8]!
  24:	75622d67 	strbvc	r2, [r2, #-3431]!	; 0xd67
  28:	73646c69 	cmnvc	r4, #26880	; 0x6900
  2c:	6576616c 	ldrbvs	r6, [r6, #-364]!	; 0x16c
  30:	726f772f 	rsbvc	r7, pc, #12320768	; 0xbc0000
  34:	6170736b 	cmnvs	r0, fp, ror #6
  38:	742f6563 	strtvc	r6, [pc], #-1379	; 40 <shift+0x40>
  3c:	2d677763 	stclcs	7, cr7, [r7, #-396]!	; 0xfffffe74
  40:	656b616d 	strbvs	r6, [fp, #-365]!	; 0x16d
  44:	6c65722d 	sfmvs	f7, 2, [r5], #-180	; 0xffffff4c
  48:	65736165 	ldrbvs	r6, [r3, #-357]!	; 0x165
  4c:	62616c2f 	rsbvs	r6, r1, #12032	; 0x2f00
  50:	642f6c65 	strtvs	r6, [pc], #-3173	; 58 <shift+0x58>
  54:	656b636f 	strbvs	r6, [fp, #-879]!	; 0x36f
  58:	72742d72 	rsbsvc	r2, r4, #7296	; 0x1c80
  5c:	79747375 	ldmdbvc	r4!, {r0, r2, r4, r5, r6, r8, r9, ip, sp, lr}^
  60:	646d612d 	strbtvs	r6, [sp], #-301	; 0x12d
  64:	742d3436 	strtvc	r3, [sp], #-1078	; 0x436
  68:	2d677763 	stclcs	7, cr7, [r7, #-396]!	; 0xfffffe74
  6c:	6c697562 	cfstr64vs	mvdx7, [r9], #-392	; 0xfffffe78
  70:	61742f64 	cmnvs	r4, r4, ror #30
  74:	74656772 	strbtvc	r6, [r5], #-1906	; 0x772
  78:	6d72612f 	ldfvse	f6, [r2, #-188]!	; 0xffffff44
  7c:	6e696c2d 	cdpvs	12, 6, cr6, cr9, cr13, {1}
  80:	672d7875 			; <UNDEFINED> instruction: 0x672d7875
  84:	6165756e 	cmnvs	r5, lr, ror #10
  88:	66686962 	strbtvs	r6, [r8], -r2, ror #18
  8c:	616e732f 	cmnvs	lr, pc, lsr #6
  90:	6f687370 	svcvs	0x00687370
  94:	672f7374 			; <UNDEFINED> instruction: 0x672f7374
  98:	6c2d6363 	stcvs	3, cr6, [sp], #-396	; 0xfffffe74
  9c:	72616e69 	rsbvc	r6, r1, #1680	; 0x690
  a0:	2e342d6f 	cdpcs	13, 3, cr2, cr4, cr15, {3}
  a4:	30322d39 	eorscc	r2, r2, r9, lsr sp
  a8:	302e3731 	eorcc	r3, lr, r1, lsr r7
  ac:	696c2f31 	stmdbvs	ip!, {r0, r4, r5, r8, r9, sl, fp, sp}^
  b0:	63636762 	cmnvs	r3, #25690112	; 0x1880000
  b4:	6e6f632f 	cdpvs	3, 6, cr6, cr15, cr15, {1}
  b8:	2f676966 	svccs	0x00676966
  bc:	006d7261 	rsbeq	r7, sp, r1, ror #4
  c0:	62696c00 	rsbvs	r6, r9, #0, 24
  c4:	6e756631 	mrcvs	6, 3, r6, cr5, cr1, {1}
  c8:	532e7363 	teqpl	lr, #-1946157055	; 0x8c000001
  cc:	00000100 	andeq	r0, r0, r0, lsl #2
  d0:	02050000 	andeq	r0, r5, #0
  d4:	87802728 	strhi	r2, [r0, r8, lsr #14]
  d8:	0107cf03 	tsteq	r7, r3, lsl #30
  dc:	2f212121 	svccs	0x00212121
  e0:	30212f21 	eorcc	r2, r1, r1, lsr #30
  e4:	14029102 	strne	r9, [r2], #-258	; 0x102
  e8:	21212221 	teqcs	r1, r1, lsr #4
  ec:	2f4c2221 	svccs	0x004c2221
  f0:	207aeb03 	rsbscs	lr, sl, r3, lsl #22
  f4:	5805af03 	stmdapl	r5, {r0, r1, r8, r9, sl, fp, sp, pc}
  f8:	2f2f2121 	svccs	0x002f2121
  fc:	022f2f2f 	eoreq	r2, pc, #47, 30	; 0xbc
 100:	01010001 	tsteq	r1, r1
 104:	000000dd 	ldrdeq	r0, [r0], -sp
 108:	00c30002 	sbceq	r0, r3, r2
 10c:	01020000 	mrseq	r0, (UNDEF: 2)
 110:	000d0efb 	strdeq	r0, [sp], -fp
 114:	01010101 	tsteq	r1, r1, lsl #2
 118:	01000000 	mrseq	r0, (UNDEF: 0)
 11c:	2f010000 	svccs	0x00010000
 120:	656d6f68 	strbvs	r6, [sp, #-3944]!	; 0xf68
 124:	7763742f 	strbvc	r7, [r3, -pc, lsr #8]!
 128:	75622d67 	strbvc	r2, [r2, #-3431]!	; 0xd67
 12c:	73646c69 	cmnvc	r4, #26880	; 0x6900
 130:	6576616c 	ldrbvs	r6, [r6, #-364]!	; 0x16c
 134:	726f772f 	rsbvc	r7, pc, #12320768	; 0xbc0000
 138:	6170736b 	cmnvs	r0, fp, ror #6
 13c:	742f6563 	strtvc	r6, [pc], #-1379	; 144 <shift+0x144>
 140:	2d677763 	stclcs	7, cr7, [r7, #-396]!	; 0xfffffe74
 144:	656b616d 	strbvs	r6, [fp, #-365]!	; 0x16d
 148:	6c65722d 	sfmvs	f7, 2, [r5], #-180	; 0xffffff4c
 14c:	65736165 	ldrbvs	r6, [r3, #-357]!	; 0x165
 150:	62616c2f 	rsbvs	r6, r1, #12032	; 0x2f00
 154:	642f6c65 	strtvs	r6, [pc], #-3173	; 15c <shift+0x15c>
 158:	656b636f 	strbvs	r6, [fp, #-879]!	; 0x36f
 15c:	72742d72 	rsbsvc	r2, r4, #7296	; 0x1c80
 160:	79747375 	ldmdbvc	r4!, {r0, r2, r4, r5, r6, r8, r9, ip, sp, lr}^
 164:	646d612d 	strbtvs	r6, [sp], #-301	; 0x12d
 168:	742d3436 	strtvc	r3, [sp], #-1078	; 0x436
 16c:	2d677763 	stclcs	7, cr7, [r7, #-396]!	; 0xfffffe74
 170:	6c697562 	cfstr64vs	mvdx7, [r9], #-392	; 0xfffffe78
 174:	61742f64 	cmnvs	r4, r4, ror #30
 178:	74656772 	strbtvc	r6, [r5], #-1906	; 0x772
 17c:	6d72612f 	ldfvse	f6, [r2, #-188]!	; 0xffffff44
 180:	6e696c2d 	cdpvs	12, 6, cr6, cr9, cr13, {1}
 184:	672d7875 			; <UNDEFINED> instruction: 0x672d7875
 188:	6165756e 	cmnvs	r5, lr, ror #10
 18c:	66686962 	strbtvs	r6, [r8], -r2, ror #18
 190:	616e732f 	cmnvs	lr, pc, lsr #6
 194:	6f687370 	svcvs	0x00687370
 198:	672f7374 			; <UNDEFINED> instruction: 0x672f7374
 19c:	6c2d6363 	stcvs	3, cr6, [sp], #-396	; 0xfffffe74
 1a0:	72616e69 	rsbvc	r6, r1, #1680	; 0x690
 1a4:	2e342d6f 	cdpcs	13, 3, cr2, cr4, cr15, {3}
 1a8:	30322d39 	eorscc	r2, r2, r9, lsr sp
 1ac:	302e3731 	eorcc	r3, lr, r1, lsr r7
 1b0:	696c2f31 	stmdbvs	ip!, {r0, r4, r5, r8, r9, sl, fp, sp}^
 1b4:	63636762 	cmnvs	r3, #25690112	; 0x1880000
 1b8:	6e6f632f 	cdpvs	3, 6, cr6, cr15, cr15, {1}
 1bc:	2f676966 	svccs	0x00676966
 1c0:	006d7261 	rsbeq	r7, sp, r1, ror #4
 1c4:	61706200 	cmnvs	r0, r0, lsl #4
 1c8:	532e6962 	teqpl	lr, #1605632	; 0x188000
 1cc:	00000100 	andeq	r0, r0, r0, lsl #2
 1d0:	02050000 	andeq	r0, r5, #0
 1d4:	878029a0 	strhi	r2, [r0, r0, lsr #19]
 1d8:	0101fd03 	tsteq	r1, r3, lsl #26
 1dc:	592f4cbc 	stmdbpl	pc!, {r2, r3, r4, r5, r7, sl, fp, lr}	; <UNPREDICTABLE>
 1e0:	01000102 	tsteq	r0, r2, lsl #2
 1e4:	0000e301 	andeq	lr, r0, r1, lsl #6
 1e8:	c7000200 	strgt	r0, [r0, -r0, lsl #4]
 1ec:	02000000 	andeq	r0, r0, #0
 1f0:	0d0efb01 	vstreq	d15, [lr, #-4]
 1f4:	01010100 	mrseq	r0, (UNDEF: 17)
 1f8:	00000001 	andeq	r0, r0, r1
 1fc:	01000001 	tsteq	r0, r1
 200:	6d6f682f 	stclvs	8, cr6, [pc, #-188]!	; 14c <shift+0x14c>
 204:	63742f65 	cmnvs	r4, #404	; 0x194
 208:	622d6777 	eorvs	r6, sp, #31195136	; 0x1dc0000
 20c:	646c6975 	strbtvs	r6, [ip], #-2421	; 0x975
 210:	76616c73 			; <UNDEFINED> instruction: 0x76616c73
 214:	6f772f65 	svcvs	0x00772f65
 218:	70736b72 	rsbsvc	r6, r3, r2, ror fp
 21c:	2f656361 	svccs	0x00656361
 220:	67776374 			; <UNDEFINED> instruction: 0x67776374
 224:	6b616d2d 	blvs	185b6e0 <shift+0x185b6e0>
 228:	65722d65 	ldrbvs	r2, [r2, #-3429]!	; 0xd65
 22c:	7361656c 	cmnvc	r1, #108, 10	; 0x1b000000
 230:	616c2f65 	cmnvs	ip, r5, ror #30
 234:	2f6c6562 	svccs	0x006c6562
 238:	6b636f64 	blvs	18dbfd0 <shift+0x18dbfd0>
 23c:	742d7265 	strtvc	r7, [sp], #-613	; 0x265
 240:	74737572 	ldrbtvc	r7, [r3], #-1394	; 0x572
 244:	6d612d79 	stclvs	13, cr2, [r1, #-484]!	; 0xfffffe1c
 248:	2d343664 	ldccs	6, cr3, [r4, #-400]!	; 0xfffffe70
 24c:	67776374 			; <UNDEFINED> instruction: 0x67776374
 250:	6975622d 	ldmdbvs	r5!, {r0, r2, r3, r5, r9, sp, lr}^
 254:	742f646c 	strtvc	r6, [pc], #-1132	; 25c <shift+0x25c>
 258:	65677261 	strbvs	r7, [r7, #-609]!	; 0x261
 25c:	72612f74 	rsbvc	r2, r1, #116, 30	; 0x1d0
 260:	696c2d6d 	stmdbvs	ip!, {r0, r2, r3, r5, r6, r8, sl, fp, sp}^
 264:	2d78756e 	cfldr64cs	mvdx7, [r8, #-440]!	; 0xfffffe48
 268:	65756e67 	ldrbvs	r6, [r5, #-3687]!	; 0xe67
 26c:	68696261 	stmdavs	r9!, {r0, r5, r6, r9, sp, lr}^
 270:	6e732f66 	cdpvs	15, 7, cr2, cr3, cr6, {3}
 274:	68737061 	ldmdavs	r3!, {r0, r5, r6, ip, sp, lr}^
 278:	2f73746f 	svccs	0x0073746f
 27c:	2d636367 	stclcs	3, cr6, [r3, #-412]!	; 0xfffffe64
 280:	616e696c 	cmnvs	lr, ip, ror #18
 284:	342d6f72 	strtcc	r6, [sp], #-3954	; 0xf72
 288:	322d392e 	eorcc	r3, sp, #753664	; 0xb8000
 28c:	2e373130 	mrccs	1, 1, r3, cr7, cr0, {1}
 290:	6c2f3130 	stfvss	f3, [pc], #-192	; 1d8 <shift+0x1d8>
 294:	63676269 	cmnvs	r7, #-1879048186	; 0x90000006
 298:	6f632f63 	svcvs	0x00632f63
 29c:	6769666e 	strbvs	r6, [r9, -lr, ror #12]!
 2a0:	6d72612f 	ldfvse	f6, [r2, #-188]!	; 0xffffff44
 2a4:	696c0000 	stmdbvs	ip!, {}^	; <UNPREDICTABLE>
 2a8:	75663162 	strbvc	r3, [r6, #-354]!	; 0x162
 2ac:	2e73636e 	cdpcs	3, 7, cr6, cr3, cr14, {3}
 2b0:	00010053 	andeq	r0, r1, r3, asr r0
 2b4:	05000000 	streq	r0, [r0, #-0]
 2b8:	8029d002 	eorhi	sp, r9, r2
 2bc:	0ab00387 	beq	fec010e0 <__bss_end+0x773fd760>
 2c0:	032f2101 	teqeq	pc, #1073741824	; 0x40000000
 2c4:	022e77bb 	eoreq	r7, lr, #49020928	; 0x2ec0000
 2c8:	01010001 	tsteq	r1, r1
 2cc:	00000113 	andeq	r0, r0, r3, lsl r1
 2d0:	00c70002 	sbceq	r0, r7, r2
 2d4:	01020000 	mrseq	r0, (UNDEF: 2)
 2d8:	000d0efb 	strdeq	r0, [sp], -fp
 2dc:	01010101 	tsteq	r1, r1, lsl #2
 2e0:	01000000 	mrseq	r0, (UNDEF: 0)
 2e4:	2f010000 	svccs	0x00010000
 2e8:	656d6f68 	strbvs	r6, [sp, #-3944]!	; 0xf68
 2ec:	7763742f 	strbvc	r7, [r3, -pc, lsr #8]!
 2f0:	75622d67 	strbvc	r2, [r2, #-3431]!	; 0xd67
 2f4:	73646c69 	cmnvc	r4, #26880	; 0x6900
 2f8:	6576616c 	ldrbvs	r6, [r6, #-364]!	; 0x16c
 2fc:	726f772f 	rsbvc	r7, pc, #12320768	; 0xbc0000
 300:	6170736b 	cmnvs	r0, fp, ror #6
 304:	742f6563 	strtvc	r6, [pc], #-1379	; 30c <shift+0x30c>
 308:	2d677763 	stclcs	7, cr7, [r7, #-396]!	; 0xfffffe74
 30c:	656b616d 	strbvs	r6, [fp, #-365]!	; 0x16d
 310:	6c65722d 	sfmvs	f7, 2, [r5], #-180	; 0xffffff4c
 314:	65736165 	ldrbvs	r6, [r3, #-357]!	; 0x165
 318:	62616c2f 	rsbvs	r6, r1, #12032	; 0x2f00
 31c:	642f6c65 	strtvs	r6, [pc], #-3173	; 324 <shift+0x324>
 320:	656b636f 	strbvs	r6, [fp, #-879]!	; 0x36f
 324:	72742d72 	rsbsvc	r2, r4, #7296	; 0x1c80
 328:	79747375 	ldmdbvc	r4!, {r0, r2, r4, r5, r6, r8, r9, ip, sp, lr}^
 32c:	646d612d 	strbtvs	r6, [sp], #-301	; 0x12d
 330:	742d3436 	strtvc	r3, [sp], #-1078	; 0x436
 334:	2d677763 	stclcs	7, cr7, [r7, #-396]!	; 0xfffffe74
 338:	6c697562 	cfstr64vs	mvdx7, [r9], #-392	; 0xfffffe78
 33c:	61742f64 	cmnvs	r4, r4, ror #30
 340:	74656772 	strbtvc	r6, [r5], #-1906	; 0x772
 344:	6d72612f 	ldfvse	f6, [r2, #-188]!	; 0xffffff44
 348:	6e696c2d 	cdpvs	12, 6, cr6, cr9, cr13, {1}
 34c:	672d7875 			; <UNDEFINED> instruction: 0x672d7875
 350:	6165756e 	cmnvs	r5, lr, ror #10
 354:	66686962 	strbtvs	r6, [r8], -r2, ror #18
 358:	616e732f 	cmnvs	lr, pc, lsr #6
 35c:	6f687370 	svcvs	0x00687370
 360:	672f7374 			; <UNDEFINED> instruction: 0x672f7374
 364:	6c2d6363 	stcvs	3, cr6, [sp], #-396	; 0xfffffe74
 368:	72616e69 	rsbvc	r6, r1, #1680	; 0x690
 36c:	2e342d6f 	cdpcs	13, 3, cr2, cr4, cr15, {3}
 370:	30322d39 	eorscc	r2, r2, r9, lsr sp
 374:	302e3731 	eorcc	r3, lr, r1, lsr r7
 378:	696c2f31 	stmdbvs	ip!, {r0, r4, r5, r8, r9, sl, fp, sp}^
 37c:	63636762 	cmnvs	r3, #25690112	; 0x1880000
 380:	696c0000 	stmdbvs	ip!, {}^	; <UNPREDICTABLE>
 384:	63636762 	cmnvs	r3, #25690112	; 0x1880000
 388:	00632e32 	rsbeq	r2, r3, r2, lsr lr
 38c:	6c000001 	stcvs	0, cr0, [r0], {1}
 390:	63676269 	cmnvs	r7, #-1879048186	; 0x90000006
 394:	682e3263 	stmdavs	lr!, {r0, r1, r5, r6, r9, ip, sp}
 398:	00000100 	andeq	r0, r0, r0, lsl #2
 39c:	02050000 	andeq	r0, r5, #0
 3a0:	878029dc 			; <UNDEFINED> instruction: 0x878029dc
 3a4:	0107b003 	tsteq	r7, r3
 3a8:	200c032e 	andcs	r0, ip, lr, lsr #6
 3ac:	03207403 	teqeq	r0, #50331648	; 0x3000000
 3b0:	74033c0c 	strvc	r3, [r3], #-3084	; 0xc0c
 3b4:	0b03212e 	bleq	c8874 <shift+0xc8874>
 3b8:	4c4b223c 	sfmmi	f2, 2, [fp], {60}	; 0x3c
 3bc:	6803f921 	stmdavs	r3, {r0, r5, r8, fp, ip, sp, lr, pc}
 3c0:	3c18033c 	ldccc	3, cr0, [r8], {60}	; 0x3c
 3c4:	81212d23 	teqhi	r1, r3, lsr #26
 3c8:	86523032 			; <UNDEFINED> instruction: 0x86523032
 3cc:	33304d29 	teqcc	r0, #2624	; 0xa40
 3d0:	214921b9 	strhcs	r2, [r9, #-25]	; 0xffffffe7
 3d4:	21320821 	teqcs	r2, r1, lsr #16
 3d8:	2e550330 	mrccs	3, 2, r0, cr5, cr0, {1}
 3dc:	05024b49 	streq	r4, [r2, #-2889]	; 0xb49
 3e0:	地址 0x00000000000003e0 越界。


Disassembly of section .debug_info:

00000000 <.debug_info>:
   0:	000001bb 			; <UNDEFINED> instruction: 0x000001bb
   4:	00000002 	andeq	r0, r0, r2
   8:	01040000 	mrseq	r0, (UNDEF: 4)
   c:	00000000 	andeq	r0, r0, r0
  10:	87802728 	strhi	r2, [r0, r8, lsr #14]
  14:	8780299e 			; <UNDEFINED> instruction: 0x8780299e
  18:	6d6f682f 	stclvs	8, cr6, [pc, #-188]!	; ffffff64 <__bss_end+0x787fc5e4>
  1c:	63742f65 	cmnvs	r4, #404	; 0x194
  20:	622d6777 	eorvs	r6, sp, #31195136	; 0x1dc0000
  24:	646c6975 	strbtvs	r6, [ip], #-2421	; 0x975
  28:	76616c73 			; <UNDEFINED> instruction: 0x76616c73
  2c:	6f772f65 	svcvs	0x00772f65
  30:	70736b72 	rsbsvc	r6, r3, r2, ror fp
  34:	2f656361 	svccs	0x00656361
  38:	67776374 			; <UNDEFINED> instruction: 0x67776374
  3c:	6b616d2d 	blvs	185b4f8 <shift+0x185b4f8>
  40:	65722d65 	ldrbvs	r2, [r2, #-3429]!	; 0xd65
  44:	7361656c 	cmnvc	r1, #108, 10	; 0x1b000000
  48:	616c2f65 	cmnvs	ip, r5, ror #30
  4c:	2f6c6562 	svccs	0x006c6562
  50:	6b636f64 	blvs	18dbde8 <shift+0x18dbde8>
  54:	742d7265 	strtvc	r7, [sp], #-613	; 0x265
  58:	74737572 	ldrbtvc	r7, [r3], #-1394	; 0x572
  5c:	6d612d79 	stclvs	13, cr2, [r1, #-484]!	; 0xfffffe1c
  60:	2d343664 	ldccs	6, cr3, [r4, #-400]!	; 0xfffffe70
  64:	67776374 			; <UNDEFINED> instruction: 0x67776374
  68:	6975622d 	ldmdbvs	r5!, {r0, r2, r3, r5, r9, sp, lr}^
  6c:	742f646c 	strtvc	r6, [pc], #-1132	; 74 <shift+0x74>
  70:	65677261 	strbvs	r7, [r7, #-609]!	; 0x261
  74:	72612f74 	rsbvc	r2, r1, #116, 30	; 0x1d0
  78:	696c2d6d 	stmdbvs	ip!, {r0, r2, r3, r5, r6, r8, sl, fp, sp}^
  7c:	2d78756e 	cfldr64cs	mvdx7, [r8, #-440]!	; 0xfffffe48
  80:	65756e67 	ldrbvs	r6, [r5, #-3687]!	; 0xe67
  84:	68696261 	stmdavs	r9!, {r0, r5, r6, r9, sp, lr}^
  88:	6e732f66 	cdpvs	15, 7, cr2, cr3, cr6, {3}
  8c:	68737061 	ldmdavs	r3!, {r0, r5, r6, ip, sp, lr}^
  90:	2f73746f 	svccs	0x0073746f
  94:	2d636367 	stclcs	3, cr6, [r3, #-412]!	; 0xfffffe64
  98:	616e696c 	cmnvs	lr, ip, ror #18
  9c:	342d6f72 	strtcc	r6, [sp], #-3954	; 0xf72
  a0:	322d392e 	eorcc	r3, sp, #753664	; 0xb8000
  a4:	2e373130 	mrccs	1, 1, r3, cr7, cr0, {1}
  a8:	6c2f3130 	stfvss	f3, [pc], #-192	; fffffff0 <__bss_end+0x787fc670>
  ac:	63676269 	cmnvs	r7, #-1879048186	; 0x90000006
  b0:	6f632f63 	svcvs	0x00632f63
  b4:	6769666e 	strbvs	r6, [r9, -lr, ror #12]!
  b8:	6d72612f 	ldfvse	f6, [r2, #-188]!	; 0xffffff44
  bc:	62696c2f 	rsbvs	r6, r9, #12032	; 0x2f00
  c0:	6e756631 	mrcvs	6, 3, r6, cr5, cr1, {1}
  c4:	532e7363 	teqpl	lr, #-1946157055	; 0x8c000001
  c8:	6f682f00 	svcvs	0x00682f00
  cc:	742f656d 	strtvc	r6, [pc], #-1389	; d4 <shift+0xd4>
  d0:	2d677763 	stclcs	7, cr7, [r7, #-396]!	; 0xfffffe74
  d4:	6c697562 	cfstr64vs	mvdx7, [r9], #-392	; 0xfffffe78
  d8:	616c7364 	cmnvs	ip, r4, ror #6
  dc:	772f6576 			; <UNDEFINED> instruction: 0x772f6576
  e0:	736b726f 	cmnvc	fp, #-268435450	; 0xf0000006
  e4:	65636170 	strbvs	r6, [r3, #-368]!	; 0x170
  e8:	7763742f 	strbvc	r7, [r3, -pc, lsr #8]!
  ec:	616d2d67 	cmnvs	sp, r7, ror #26
  f0:	722d656b 	eorvc	r6, sp, #448790528	; 0x1ac00000
  f4:	61656c65 	cmnvs	r5, r5, ror #24
  f8:	6c2f6573 	cfstr32vs	mvfx6, [pc], #-460	; ffffff34 <__bss_end+0x787fc5b4>
  fc:	6c656261 	sfmvs	f6, 2, [r5], #-388	; 0xfffffe7c
 100:	636f642f 	cmnvs	pc, #788529152	; 0x2f000000
 104:	2d72656b 	cfldr64cs	mvdx6, [r2, #-428]!	; 0xfffffe54
 108:	73757274 	cmnvc	r5, #116, 4	; 0x40000007
 10c:	612d7974 	teqvs	sp, r4, ror r9
 110:	3436646d 	ldrtcc	r6, [r6], #-1133	; 0x46d
 114:	7763742d 	strbvc	r7, [r3, -sp, lsr #8]!
 118:	75622d67 	strbvc	r2, [r2, #-3431]!	; 0xd67
 11c:	2f646c69 	svccs	0x00646c69
 120:	67726174 			; <UNDEFINED> instruction: 0x67726174
 124:	612f7465 	teqvs	pc, r5, ror #8
 128:	6c2d6d72 	stcvs	13, cr6, [sp], #-456	; 0xfffffe38
 12c:	78756e69 	ldmdavc	r5!, {r0, r3, r5, r6, r9, sl, fp, sp, lr}^
 130:	756e672d 	strbvc	r6, [lr, #-1837]!	; 0x72d
 134:	69626165 	stmdbvs	r2!, {r0, r2, r5, r6, r8, sp, lr}^
 138:	5f2f6668 	svcpl	0x002f6668
 13c:	6c697562 	cfstr64vs	mvdx7, [r9], #-392	; 0xfffffe78
 140:	75622f64 	strbvc	r2, [r2, #-3940]!	; 0xf64
 144:	73646c69 	cmnvc	r4, #26880	; 0x6900
 148:	3638782f 	ldrtcc	r7, [r8], -pc, lsr #16
 14c:	2d34365f 	ldccs	6, cr3, [r4, #-380]!	; 0xfffffe84
 150:	6e6b6e75 	mcrvs	14, 3, r6, cr11, cr5, {3}
 154:	2d6e776f 	stclcs	7, cr7, [lr, #-444]!	; 0xfffffe44
 158:	756e696c 	strbvc	r6, [lr, #-2412]!	; 0x96c
 15c:	6e672d78 	mcrvs	13, 3, r2, cr7, cr8, {3}
 160:	72612f75 	rsbvc	r2, r1, #468	; 0x1d4
 164:	696c2d6d 	stmdbvs	ip!, {r0, r2, r3, r5, r6, r8, sl, fp, sp}^
 168:	2d78756e 	cfldr64cs	mvdx7, [r8, #-440]!	; 0xfffffe48
 16c:	65756e67 	ldrbvs	r6, [r5, #-3687]!	; 0xe67
 170:	68696261 	stmdavs	r9!, {r0, r5, r6, r9, sp, lr}^
 174:	63672f66 	cmnvs	r7, #408	; 0x198
 178:	696c2d63 	stmdbvs	ip!, {r0, r1, r5, r6, r8, sl, fp, sp}^
 17c:	6f72616e 	svcvs	0x0072616e
 180:	392e342d 	stmdbcc	lr!, {r0, r2, r3, r5, sl, ip, sp}
 184:	3130322d 	teqcc	r0, sp, lsr #4
 188:	31302e37 	teqcc	r0, r7, lsr lr
 18c:	6174732d 	cmnvs	r4, sp, lsr #6
 190:	2f326567 	svccs	0x00326567
 194:	2d6d7261 	sfmcs	f7, 2, [sp, #-388]!	; 0xfffffe7c
 198:	756e696c 	strbvc	r6, [lr, #-2412]!	; 0x96c
 19c:	6e672d78 	mcrvs	13, 3, r2, cr7, cr8, {3}
 1a0:	62616575 	rsbvs	r6, r1, #490733568	; 0x1d400000
 1a4:	2f666869 	svccs	0x00666869
 1a8:	6762696c 	strbvs	r6, [r2, -ip, ror #18]!
 1ac:	47006363 	strmi	r6, [r0, -r3, ror #6]
 1b0:	4120554e 	teqmi	r0, lr, asr #10
 1b4:	2e322053 	mrccs	0, 1, r2, cr2, cr3, {2}
 1b8:	302e3432 	eorcc	r3, lr, r2, lsr r4
 1bc:	b7800100 	strlt	r0, [r0, r0, lsl #2]
 1c0:	02000001 	andeq	r0, r0, #1
 1c4:	00001400 	andeq	r1, r0, r0, lsl #8
 1c8:	04010400 	streq	r0, [r1], #-1024	; 0x400
 1cc:	a0000001 	andge	r0, r0, r1
 1d0:	d0878029 	addle	r8, r7, r9, lsr #32
 1d4:	2f878029 	svccs	0x00878029
 1d8:	656d6f68 	strbvs	r6, [sp, #-3944]!	; 0xf68
 1dc:	7763742f 	strbvc	r7, [r3, -pc, lsr #8]!
 1e0:	75622d67 	strbvc	r2, [r2, #-3431]!	; 0xd67
 1e4:	73646c69 	cmnvc	r4, #26880	; 0x6900
 1e8:	6576616c 	ldrbvs	r6, [r6, #-364]!	; 0x16c
 1ec:	726f772f 	rsbvc	r7, pc, #12320768	; 0xbc0000
 1f0:	6170736b 	cmnvs	r0, fp, ror #6
 1f4:	742f6563 	strtvc	r6, [pc], #-1379	; 1fc <shift+0x1fc>
 1f8:	2d677763 	stclcs	7, cr7, [r7, #-396]!	; 0xfffffe74
 1fc:	656b616d 	strbvs	r6, [fp, #-365]!	; 0x16d
 200:	6c65722d 	sfmvs	f7, 2, [r5], #-180	; 0xffffff4c
 204:	65736165 	ldrbvs	r6, [r3, #-357]!	; 0x165
 208:	62616c2f 	rsbvs	r6, r1, #12032	; 0x2f00
 20c:	642f6c65 	strtvs	r6, [pc], #-3173	; 214 <shift+0x214>
 210:	656b636f 	strbvs	r6, [fp, #-879]!	; 0x36f
 214:	72742d72 	rsbsvc	r2, r4, #7296	; 0x1c80
 218:	79747375 	ldmdbvc	r4!, {r0, r2, r4, r5, r6, r8, r9, ip, sp, lr}^
 21c:	646d612d 	strbtvs	r6, [sp], #-301	; 0x12d
 220:	742d3436 	strtvc	r3, [sp], #-1078	; 0x436
 224:	2d677763 	stclcs	7, cr7, [r7, #-396]!	; 0xfffffe74
 228:	6c697562 	cfstr64vs	mvdx7, [r9], #-392	; 0xfffffe78
 22c:	61742f64 	cmnvs	r4, r4, ror #30
 230:	74656772 	strbtvc	r6, [r5], #-1906	; 0x772
 234:	6d72612f 	ldfvse	f6, [r2, #-188]!	; 0xffffff44
 238:	6e696c2d 	cdpvs	12, 6, cr6, cr9, cr13, {1}
 23c:	672d7875 			; <UNDEFINED> instruction: 0x672d7875
 240:	6165756e 	cmnvs	r5, lr, ror #10
 244:	66686962 	strbtvs	r6, [r8], -r2, ror #18
 248:	616e732f 	cmnvs	lr, pc, lsr #6
 24c:	6f687370 	svcvs	0x00687370
 250:	672f7374 			; <UNDEFINED> instruction: 0x672f7374
 254:	6c2d6363 	stcvs	3, cr6, [sp], #-396	; 0xfffffe74
 258:	72616e69 	rsbvc	r6, r1, #1680	; 0x690
 25c:	2e342d6f 	cdpcs	13, 3, cr2, cr4, cr15, {3}
 260:	30322d39 	eorscc	r2, r2, r9, lsr sp
 264:	302e3731 	eorcc	r3, lr, r1, lsr r7
 268:	696c2f31 	stmdbvs	ip!, {r0, r4, r5, r8, r9, sl, fp, sp}^
 26c:	63636762 	cmnvs	r3, #25690112	; 0x1880000
 270:	6e6f632f 	cdpvs	3, 6, cr6, cr15, cr15, {1}
 274:	2f676966 	svccs	0x00676966
 278:	2f6d7261 	svccs	0x006d7261
 27c:	62617062 	rsbvs	r7, r1, #98	; 0x62
 280:	00532e69 	subseq	r2, r3, r9, ror #28
 284:	6d6f682f 	stclvs	8, cr6, [pc, #-188]!	; 1d0 <shift+0x1d0>
 288:	63742f65 	cmnvs	r4, #404	; 0x194
 28c:	622d6777 	eorvs	r6, sp, #31195136	; 0x1dc0000
 290:	646c6975 	strbtvs	r6, [ip], #-2421	; 0x975
 294:	76616c73 			; <UNDEFINED> instruction: 0x76616c73
 298:	6f772f65 	svcvs	0x00772f65
 29c:	70736b72 	rsbsvc	r6, r3, r2, ror fp
 2a0:	2f656361 	svccs	0x00656361
 2a4:	67776374 			; <UNDEFINED> instruction: 0x67776374
 2a8:	6b616d2d 	blvs	185b764 <shift+0x185b764>
 2ac:	65722d65 	ldrbvs	r2, [r2, #-3429]!	; 0xd65
 2b0:	7361656c 	cmnvc	r1, #108, 10	; 0x1b000000
 2b4:	616c2f65 	cmnvs	ip, r5, ror #30
 2b8:	2f6c6562 	svccs	0x006c6562
 2bc:	6b636f64 	blvs	18dc054 <shift+0x18dc054>
 2c0:	742d7265 	strtvc	r7, [sp], #-613	; 0x265
 2c4:	74737572 	ldrbtvc	r7, [r3], #-1394	; 0x572
 2c8:	6d612d79 	stclvs	13, cr2, [r1, #-484]!	; 0xfffffe1c
 2cc:	2d343664 	ldccs	6, cr3, [r4, #-400]!	; 0xfffffe70
 2d0:	67776374 			; <UNDEFINED> instruction: 0x67776374
 2d4:	6975622d 	ldmdbvs	r5!, {r0, r2, r3, r5, r9, sp, lr}^
 2d8:	742f646c 	strtvc	r6, [pc], #-1132	; 2e0 <shift+0x2e0>
 2dc:	65677261 	strbvs	r7, [r7, #-609]!	; 0x261
 2e0:	72612f74 	rsbvc	r2, r1, #116, 30	; 0x1d0
 2e4:	696c2d6d 	stmdbvs	ip!, {r0, r2, r3, r5, r6, r8, sl, fp, sp}^
 2e8:	2d78756e 	cfldr64cs	mvdx7, [r8, #-440]!	; 0xfffffe48
 2ec:	65756e67 	ldrbvs	r6, [r5, #-3687]!	; 0xe67
 2f0:	68696261 	stmdavs	r9!, {r0, r5, r6, r9, sp, lr}^
 2f4:	625f2f66 	subsvs	r2, pc, #408	; 0x198
 2f8:	646c6975 	strbtvs	r6, [ip], #-2421	; 0x975
 2fc:	6975622f 	ldmdbvs	r5!, {r0, r1, r2, r3, r5, r9, sp, lr}^
 300:	2f73646c 	svccs	0x0073646c
 304:	5f363878 	svcpl	0x00363878
 308:	752d3436 	strvc	r3, [sp, #-1078]!	; 0x436
 30c:	6f6e6b6e 	svcvs	0x006e6b6e
 310:	6c2d6e77 	stcvs	14, cr6, [sp], #-476	; 0xfffffe24
 314:	78756e69 	ldmdavc	r5!, {r0, r3, r5, r6, r9, sl, fp, sp, lr}^
 318:	756e672d 	strbvc	r6, [lr, #-1837]!	; 0x72d
 31c:	6d72612f 	ldfvse	f6, [r2, #-188]!	; 0xffffff44
 320:	6e696c2d 	cdpvs	12, 6, cr6, cr9, cr13, {1}
 324:	672d7875 			; <UNDEFINED> instruction: 0x672d7875
 328:	6165756e 	cmnvs	r5, lr, ror #10
 32c:	66686962 	strbtvs	r6, [r8], -r2, ror #18
 330:	6363672f 	cmnvs	r3, #12320768	; 0xbc0000
 334:	6e696c2d 	cdpvs	12, 6, cr6, cr9, cr13, {1}
 338:	2d6f7261 	sfmcs	f7, 2, [pc, #-388]!	; 1bc <shift+0x1bc>
 33c:	2d392e34 	ldccs	14, cr2, [r9, #-208]!	; 0xffffff30
 340:	37313032 			; <UNDEFINED> instruction: 0x37313032
 344:	2d31302e 	ldccs	0, cr3, [r1, #-184]!	; 0xffffff48
 348:	67617473 			; <UNDEFINED> instruction: 0x67617473
 34c:	612f3265 	teqvs	pc, r5, ror #4
 350:	6c2d6d72 	stcvs	13, cr6, [sp], #-456	; 0xfffffe38
 354:	78756e69 	ldmdavc	r5!, {r0, r3, r5, r6, r9, sl, fp, sp, lr}^
 358:	756e672d 	strbvc	r6, [lr, #-1837]!	; 0x72d
 35c:	69626165 	stmdbvs	r2!, {r0, r2, r5, r6, r8, sp, lr}^
 360:	6c2f6668 	stcvs	6, cr6, [pc], #-416	; 1c8 <shift+0x1c8>
 364:	63676269 	cmnvs	r7, #-1879048186	; 0x90000006
 368:	4e470063 	cdpmi	0, 4, cr0, cr7, cr3, {3}
 36c:	53412055 	movtpl	r2, #4181	; 0x1055
 370:	322e3220 	eorcc	r3, lr, #32, 4
 374:	00302e34 	eorseq	r2, r0, r4, lsr lr
 378:	01bb8001 			; <UNDEFINED> instruction: 0x01bb8001
 37c:	00020000 	andeq	r0, r2, r0
 380:	00000028 	andeq	r0, r0, r8, lsr #32
 384:	01e50104 	mvneq	r0, r4, lsl #2
 388:	29d00000 	ldmibcs	r0, {}^	; <UNPREDICTABLE>
 38c:	29dc8780 	ldmibcs	ip, {r7, r8, r9, sl, pc}^
 390:	682f8780 	stmdavs	pc!, {r7, r8, r9, sl, pc}	; <UNPREDICTABLE>
 394:	2f656d6f 	svccs	0x00656d6f
 398:	67776374 			; <UNDEFINED> instruction: 0x67776374
 39c:	6975622d 	ldmdbvs	r5!, {r0, r2, r3, r5, r9, sp, lr}^
 3a0:	6c73646c 	cfldrdvs	mvd6, [r3], #-432	; 0xfffffe50
 3a4:	2f657661 	svccs	0x00657661
 3a8:	6b726f77 	blvs	1c9c18c <shift+0x1c9c18c>
 3ac:	63617073 	cmnvs	r1, #115	; 0x73
 3b0:	63742f65 	cmnvs	r4, #404	; 0x194
 3b4:	6d2d6777 	stcvs	7, cr6, [sp, #-476]!	; 0xfffffe24
 3b8:	2d656b61 	fstmdbxcs	r5!, {d22-d69}	;@ Deprecated
 3bc:	656c6572 	strbvs	r6, [ip, #-1394]!	; 0x572
 3c0:	2f657361 	svccs	0x00657361
 3c4:	6562616c 	strbvs	r6, [r2, #-364]!	; 0x16c
 3c8:	6f642f6c 	svcvs	0x00642f6c
 3cc:	72656b63 	rsbvc	r6, r5, #101376	; 0x18c00
 3d0:	7572742d 	ldrbvc	r7, [r2, #-1069]!	; 0x42d
 3d4:	2d797473 	cfldrdcs	mvd7, [r9, #-460]!	; 0xfffffe34
 3d8:	36646d61 	strbtcc	r6, [r4], -r1, ror #26
 3dc:	63742d34 	cmnvs	r4, #52, 26	; 0xd00
 3e0:	622d6777 	eorvs	r6, sp, #31195136	; 0x1dc0000
 3e4:	646c6975 	strbtvs	r6, [ip], #-2421	; 0x975
 3e8:	7261742f 	rsbvc	r7, r1, #788529152	; 0x2f000000
 3ec:	2f746567 	svccs	0x00746567
 3f0:	2d6d7261 	sfmcs	f7, 2, [sp, #-388]!	; 0xfffffe7c
 3f4:	756e696c 	strbvc	r6, [lr, #-2412]!	; 0x96c
 3f8:	6e672d78 	mcrvs	13, 3, r2, cr7, cr8, {3}
 3fc:	62616575 	rsbvs	r6, r1, #490733568	; 0x1d400000
 400:	2f666869 	svccs	0x00666869
 404:	70616e73 	rsbvc	r6, r1, r3, ror lr
 408:	746f6873 	strbtvc	r6, [pc], #-2163	; 410 <shift+0x410>
 40c:	63672f73 	cmnvs	r7, #460	; 0x1cc
 410:	696c2d63 	stmdbvs	ip!, {r0, r1, r5, r6, r8, sl, fp, sp}^
 414:	6f72616e 	svcvs	0x0072616e
 418:	392e342d 	stmdbcc	lr!, {r0, r2, r3, r5, sl, ip, sp}
 41c:	3130322d 	teqcc	r0, sp, lsr #4
 420:	31302e37 	teqcc	r0, r7, lsr lr
 424:	62696c2f 	rsbvs	r6, r9, #12032	; 0x2f00
 428:	2f636367 	svccs	0x00636367
 42c:	666e6f63 	strbtvs	r6, [lr], -r3, ror #30
 430:	612f6769 	teqvs	pc, r9, ror #14
 434:	6c2f6d72 	stcvs	13, cr6, [pc], #-456	; 274 <shift+0x274>
 438:	66316269 	ldrtvs	r6, [r1], -r9, ror #4
 43c:	73636e75 	cmnvc	r3, #1872	; 0x750
 440:	2f00532e 	svccs	0x0000532e
 444:	656d6f68 	strbvs	r6, [sp, #-3944]!	; 0xf68
 448:	7763742f 	strbvc	r7, [r3, -pc, lsr #8]!
 44c:	75622d67 	strbvc	r2, [r2, #-3431]!	; 0xd67
 450:	73646c69 	cmnvc	r4, #26880	; 0x6900
 454:	6576616c 	ldrbvs	r6, [r6, #-364]!	; 0x16c
 458:	726f772f 	rsbvc	r7, pc, #12320768	; 0xbc0000
 45c:	6170736b 	cmnvs	r0, fp, ror #6
 460:	742f6563 	strtvc	r6, [pc], #-1379	; 468 <shift+0x468>
 464:	2d677763 	stclcs	7, cr7, [r7, #-396]!	; 0xfffffe74
 468:	656b616d 	strbvs	r6, [fp, #-365]!	; 0x16d
 46c:	6c65722d 	sfmvs	f7, 2, [r5], #-180	; 0xffffff4c
 470:	65736165 	ldrbvs	r6, [r3, #-357]!	; 0x165
 474:	62616c2f 	rsbvs	r6, r1, #12032	; 0x2f00
 478:	642f6c65 	strtvs	r6, [pc], #-3173	; 480 <shift+0x480>
 47c:	656b636f 	strbvs	r6, [fp, #-879]!	; 0x36f
 480:	72742d72 	rsbsvc	r2, r4, #7296	; 0x1c80
 484:	79747375 	ldmdbvc	r4!, {r0, r2, r4, r5, r6, r8, r9, ip, sp, lr}^
 488:	646d612d 	strbtvs	r6, [sp], #-301	; 0x12d
 48c:	742d3436 	strtvc	r3, [sp], #-1078	; 0x436
 490:	2d677763 	stclcs	7, cr7, [r7, #-396]!	; 0xfffffe74
 494:	6c697562 	cfstr64vs	mvdx7, [r9], #-392	; 0xfffffe78
 498:	61742f64 	cmnvs	r4, r4, ror #30
 49c:	74656772 	strbtvc	r6, [r5], #-1906	; 0x772
 4a0:	6d72612f 	ldfvse	f6, [r2, #-188]!	; 0xffffff44
 4a4:	6e696c2d 	cdpvs	12, 6, cr6, cr9, cr13, {1}
 4a8:	672d7875 			; <UNDEFINED> instruction: 0x672d7875
 4ac:	6165756e 	cmnvs	r5, lr, ror #10
 4b0:	66686962 	strbtvs	r6, [r8], -r2, ror #18
 4b4:	75625f2f 	strbvc	r5, [r2, #-3887]!	; 0xf2f
 4b8:	2f646c69 	svccs	0x00646c69
 4bc:	6c697562 	cfstr64vs	mvdx7, [r9], #-392	; 0xfffffe78
 4c0:	782f7364 	stmdavc	pc!, {r2, r5, r6, r8, r9, ip, sp, lr}	; <UNPREDICTABLE>
 4c4:	365f3638 			; <UNDEFINED> instruction: 0x365f3638
 4c8:	6e752d34 	mrcvs	13, 3, r2, cr5, cr4, {1}
 4cc:	776f6e6b 	strbvc	r6, [pc, -fp, ror #28]!
 4d0:	696c2d6e 	stmdbvs	ip!, {r1, r2, r3, r5, r6, r8, sl, fp, sp}^
 4d4:	2d78756e 	cfldr64cs	mvdx7, [r8, #-440]!	; 0xfffffe48
 4d8:	2f756e67 	svccs	0x00756e67
 4dc:	2d6d7261 	sfmcs	f7, 2, [sp, #-388]!	; 0xfffffe7c
 4e0:	756e696c 	strbvc	r6, [lr, #-2412]!	; 0x96c
 4e4:	6e672d78 	mcrvs	13, 3, r2, cr7, cr8, {3}
 4e8:	62616575 	rsbvs	r6, r1, #490733568	; 0x1d400000
 4ec:	2f666869 	svccs	0x00666869
 4f0:	2d636367 	stclcs	3, cr6, [r3, #-412]!	; 0xfffffe64
 4f4:	616e696c 	cmnvs	lr, ip, ror #18
 4f8:	342d6f72 	strtcc	r6, [sp], #-3954	; 0xf72
 4fc:	322d392e 	eorcc	r3, sp, #753664	; 0xb8000
 500:	2e373130 	mrccs	1, 1, r3, cr7, cr0, {1}
 504:	732d3130 	teqvc	sp, #48, 2
 508:	65676174 	strbvs	r6, [r7, #-372]!	; 0x174
 50c:	72612f32 	rsbvc	r2, r1, #50, 30	; 0xc8
 510:	696c2d6d 	stmdbvs	ip!, {r0, r2, r3, r5, r6, r8, sl, fp, sp}^
 514:	2d78756e 	cfldr64cs	mvdx7, [r8, #-440]!	; 0xfffffe48
 518:	65756e67 	ldrbvs	r6, [r5, #-3687]!	; 0xe67
 51c:	68696261 	stmdavs	r9!, {r0, r5, r6, r9, sp, lr}^
 520:	696c2f66 	stmdbvs	ip!, {r1, r2, r5, r6, r8, r9, sl, fp, sp}^
 524:	63636762 	cmnvs	r3, #25690112	; 0x1880000
 528:	554e4700 	strbpl	r4, [lr, #-1792]	; 0x700
 52c:	20534120 	subscs	r4, r3, r0, lsr #2
 530:	34322e32 	ldrtcc	r2, [r2], #-3634	; 0xe32
 534:	0100302e 	tsteq	r0, lr, lsr #32
 538:	00015a80 	andeq	r5, r1, r0, lsl #21
 53c:	3c000400 	cfstrscc	mvf0, [r0], {-0}
 540:	04000000 	streq	r0, [r0], #-0
 544:	00012b01 	andeq	r2, r1, r1, lsl #22
 548:	024f0100 	subeq	r0, pc, #0, 2
 54c:	000d0000 	andeq	r0, sp, r0
 550:	29dc0000 	ldmibcs	ip, {}^	; <UNPREDICTABLE>
 554:	01168780 	tsteq	r6, r0, lsl #15
 558:	02cc0000 	sbceq	r0, ip, #0
 55c:	08020000 	stmdaeq	r2, {}	; <UNPREDICTABLE>
 560:	0000f307 	andeq	pc, r0, r7, lsl #6
 564:	05040300 	streq	r0, [r4, #-768]	; 0x300
 568:	00746e69 	rsbseq	r6, r4, r9, ror #28
 56c:	fd070402 	stc2	4, cr0, [r7, #-8]
 570:	02000000 	andeq	r0, r0, #0
 574:	010a0801 	tsteq	sl, r1, lsl #16
 578:	02020000 	andeq	r0, r2, #0
 57c:	00011807 	andeq	r1, r1, r7, lsl #16
 580:	07040200 	streq	r0, [r4, -r0, lsl #4]
 584:	000000f8 	strdeq	r0, [r0], -r8
 588:	0c060102 	stfeqs	f0, [r6], {2}
 58c:	02000001 	andeq	r0, r0, #1
 590:	02360502 	eorseq	r0, r6, #8388608	; 0x800000
 594:	08020000 	stmdaeq	r2, {}	; <UNPREDICTABLE>
 598:	00022005 	andeq	r2, r2, r5
 59c:	05040200 	streq	r0, [r4, #-512]	; 0x200
 5a0:	00000225 	andeq	r0, r0, r5, lsr #4
 5a4:	17070402 	strne	r0, [r7, -r2, lsl #8]
 5a8:	02000002 	andeq	r0, r0, #2
 5ac:	01130801 	tsteq	r3, r1, lsl #16
 5b0:	2e040000 	cdpcs	0, 0, cr0, cr4, cr0, {0}
 5b4:	02000002 	andeq	r0, r0, #2
 5b8:	00003382 	andeq	r3, r0, r2, lsl #7
 5bc:	02010400 	andeq	r0, r1, #0, 8
 5c0:	86020000 	strhi	r0, [r2], -r0
 5c4:	00000025 	andeq	r0, r0, r5, lsr #32
 5c8:	11040402 	tstne	r4, r2, lsl #8
 5cc:	02000002 	andeq	r0, r0, #2
 5d0:	02090308 	andeq	r0, r9, #8, 6	; 0x20000000
 5d4:	08020000 	stmdaeq	r2, {}	; <UNPREDICTABLE>
 5d8:	00024804 	andeq	r4, r2, r4, lsl #16
 5dc:	03100200 	tsteq	r0, #0, 4
 5e0:	00000240 	andeq	r0, r0, r0, asr #4
 5e4:	00000005 	andeq	r0, r0, r5
 5e8:	03b00100 	movseq	r0, #0, 2
 5ec:	00000084 	andeq	r0, r0, r4, lsl #1
 5f0:	878029dc 			; <UNDEFINED> instruction: 0x878029dc
 5f4:	00000116 	andeq	r0, r0, r6, lsl r1
 5f8:	01579c01 	cmpeq	r7, r1, lsl #24
 5fc:	6e060000 	cdpvs	0, 0, cr0, cr6, cr0, {0}
 600:	03b00100 	movseq	r0, #0, 2
 604:	00000084 	andeq	r0, r0, r4, lsl #1
 608:	00000000 	andeq	r0, r0, r0
 60c:	01006406 	tsteq	r0, r6, lsl #8
 610:	008403b0 			; <UNDEFINED> instruction: 0x008403b0
 614:	00280000 	eoreq	r0, r8, r0
 618:	72060000 	andvc	r0, r6, #0
 61c:	b0010070 	andlt	r0, r1, r0, ror r0
 620:	00015703 	andeq	r5, r1, r3, lsl #14
 624:	00005000 	andeq	r5, r0, r0
 628:	00710700 	rsbseq	r0, r1, r0, lsl #14
 62c:	8403b201 	strhi	fp, [r3], #-513	; 0x201
 630:	70000000 	andvc	r0, r0, r0
 634:	07000000 	streq	r0, [r0, -r0]
 638:	b2010072 	andlt	r0, r1, #114	; 0x72
 63c:	00008403 	andeq	r8, r0, r3, lsl #8
 640:	0000d000 	andeq	sp, r0, r0
 644:	00790700 	rsbseq	r0, r9, r0, lsl #14
 648:	8403b201 	strhi	fp, [r3], #-513	; 0x201
 64c:	28000000 	stmdacs	r0, {}	; <UNPREDICTABLE>
 650:	07000001 	streq	r0, [r0, -r1]
 654:	00317a6c 	eorseq	r7, r1, ip, ror #20
 658:	7903b301 	stmdbvc	r3, {r0, r8, r9, ip, sp, pc}
 65c:	50000000 	andpl	r0, r0, r0
 660:	07000001 	streq	r0, [r0, -r1]
 664:	00327a6c 	eorseq	r7, r2, ip, ror #20
 668:	7903b301 	stmdbvc	r3, {r0, r8, r9, ip, sp, pc}
 66c:	63000000 	movwvs	r0, #0
 670:	07000001 	streq	r0, [r0, -r1]
 674:	b3010069 	movwlt	r0, #4201	; 0x1069
 678:	00007903 	andeq	r7, r0, r3, lsl #18
 67c:	00017600 	andeq	r7, r1, r0, lsl #12
 680:	006b0700 	rsbeq	r0, fp, r0, lsl #14
 684:	7903b301 	stmdbvc	r3, {r0, r8, r9, ip, sp, pc}
 688:	b9000000 	stmdblt	r0, {}	; <UNPREDICTABLE>
 68c:	00000001 	andeq	r0, r0, r1
 690:	00840408 	addeq	r0, r4, r8, lsl #8
 694:	地址 0x0000000000000694 越界。


Disassembly of section .debug_abbrev:

00000000 <.debug_abbrev>:
   0:	10001101 	andne	r1, r0, r1, lsl #2
   4:	12011106 	andne	r1, r1, #-2147483647	; 0x80000001
   8:	1b080301 	blne	200c14 <shift+0x200c14>
   c:	13082508 	movwne	r2, #34056	; 0x8508
  10:	00000005 	andeq	r0, r0, r5
  14:	10001101 	andne	r1, r0, r1, lsl #2
  18:	12011106 	andne	r1, r1, #-2147483647	; 0x80000001
  1c:	1b080301 	blne	200c28 <shift+0x200c28>
  20:	13082508 	movwne	r2, #34056	; 0x8508
  24:	00000005 	andeq	r0, r0, r5
  28:	10001101 	andne	r1, r0, r1, lsl #2
  2c:	12011106 	andne	r1, r1, #-2147483647	; 0x80000001
  30:	1b080301 	blne	200c3c <shift+0x200c3c>
  34:	13082508 	movwne	r2, #34056	; 0x8508
  38:	00000005 	andeq	r0, r0, r5
  3c:	25011101 	strcs	r1, [r1, #-257]	; 0x101
  40:	030b130e 	movweq	r1, #45838	; 0xb30e
  44:	110e1b0e 	tstne	lr, lr, lsl #22
  48:	10061201 	andne	r1, r6, r1, lsl #4
  4c:	02000017 	andeq	r0, r0, #23
  50:	0b0b0024 	bleq	2c00e8 <shift+0x2c00e8>
  54:	0e030b3e 	vmoveq.16	d3[0], r0
  58:	24030000 	strcs	r0, [r3], #-0
  5c:	3e0b0b00 	vmlacc.f64	d0, d11, d0
  60:	0008030b 	andeq	r0, r8, fp, lsl #6
  64:	00160400 	andseq	r0, r6, r0, lsl #8
  68:	0b3a0e03 	bleq	e8387c <shift+0xe8387c>
  6c:	13490b3b 	movtne	r0, #39739	; 0x9b3b
  70:	2e050000 	cdpcs	0, 0, cr0, cr5, cr0, {0}
  74:	03193f01 	tsteq	r9, #1, 30
  78:	3b0b3a0e 	blcc	2ce8b8 <shift+0x2ce8b8>
  7c:	49192705 	ldmdbmi	r9, {r0, r2, r8, r9, sl, sp}
  80:	12011113 	andne	r1, r1, #-1073741820	; 0xc0000004
  84:	97184006 	ldrls	r4, [r8, -r6]
  88:	13011942 	movwne	r1, #6466	; 0x1942
  8c:	05060000 	streq	r0, [r6, #-0]
  90:	3a080300 	bcc	200c98 <shift+0x200c98>
  94:	49053b0b 	stmdbmi	r5, {r0, r1, r3, r8, r9, fp, ip, sp}
  98:	00170213 	andseq	r0, r7, r3, lsl r2
  9c:	00340700 	eorseq	r0, r4, r0, lsl #14
  a0:	0b3a0803 	bleq	e820b4 <shift+0xe820b4>
  a4:	1349053b 	movtne	r0, #38203	; 0x953b
  a8:	00001702 	andeq	r1, r0, r2, lsl #14
  ac:	0b000f08 	bleq	3cd4 <shift+0x3cd4>
  b0:	0013490b 	andseq	r4, r3, fp, lsl #18
	...

Disassembly of section .debug_aranges:

00000000 <.debug_aranges>:
   0:	0000001c 	andeq	r0, r0, ip, lsl r0
   4:	00000002 	andeq	r0, r0, r2
   8:	00040000 	andeq	r0, r4, r0
   c:	00000000 	andeq	r0, r0, r0
  10:	87802728 	strhi	r2, [r0, r8, lsr #14]
  14:	00000276 	andeq	r0, r0, r6, ror r2
	...
  20:	0000001c 	andeq	r0, r0, ip, lsl r0
  24:	01bf0002 			; <UNDEFINED> instruction: 0x01bf0002
  28:	00040000 	andeq	r0, r4, r0
  2c:	00000000 	andeq	r0, r0, r0
  30:	878029a0 	strhi	r2, [r0, r0, lsr #19]
  34:	00000030 	andeq	r0, r0, r0, lsr r0
	...
  40:	0000001c 	andeq	r0, r0, ip, lsl r0
  44:	037a0002 	cmneq	sl, #2
  48:	00040000 	andeq	r0, r4, r0
  4c:	00000000 	andeq	r0, r0, r0
  50:	878029d0 			; <UNDEFINED> instruction: 0x878029d0
  54:	0000000c 	andeq	r0, r0, ip
	...
  60:	0000001c 	andeq	r0, r0, ip, lsl r0
  64:	05390002 	ldreq	r0, [r9, #-2]!
  68:	00040000 	andeq	r0, r4, r0
  6c:	00000000 	andeq	r0, r0, r0
  70:	878029dc 			; <UNDEFINED> instruction: 0x878029dc
  74:	00000116 	andeq	r0, r0, r6, lsl r1
	...

Disassembly of section .debug_loc:

00000000 <.debug_loc>:
   0:	00000000 	andeq	r0, r0, r0
   4:	0000000c 	andeq	r0, r0, ip
   8:	93500006 	cmpls	r0, #6
   c:	04935104 	ldreq	r5, [r3], #260	; 0x104
  10:	0000000c 	andeq	r0, r0, ip
  14:	00000116 	andeq	r0, r0, r6, lsl r1
  18:	03f30006 	mvnseq	r0, #6
  1c:	9f2500f5 	svcls	0x002500f5
	...
  2c:	00000014 	andeq	r0, r0, r4, lsl r0
  30:	93520006 	cmpls	r2, #6
  34:	04935304 	ldreq	r5, [r3], #772	; 0x304
  38:	00000014 	andeq	r0, r0, r4, lsl r0
  3c:	00000116 	andeq	r0, r0, r6, lsl r1
  40:	03f30006 	mvnseq	r0, #6
  44:	9f2502f5 	svcls	0x002502f5
	...
  54:	000000fc 	strdeq	r0, [r0], -ip
  58:	00910002 	addseq	r0, r1, r2
  5c:	000000fc 	strdeq	r0, [r0], -ip
  60:	00000116 	andeq	r0, r0, r6, lsl r1
  64:	00910002 	addseq	r0, r1, r2
	...
  74:	00000076 	andeq	r0, r0, r6, ror r0
  78:	089e000a 	ldmeq	lr, {r1, r3}
	...
  84:	00000076 	andeq	r0, r0, r6, ror r0
  88:	000000c0 	andeq	r0, r0, r0, asr #1
  8c:	93500006 	cmpls	r0, #6
  90:	04935104 	ldreq	r5, [r3], #260	; 0x104
  94:	000000ca 	andeq	r0, r0, sl, asr #1
  98:	000000ea 	andeq	r0, r0, sl, ror #1
  9c:	93500006 	cmpls	r0, #6
  a0:	04935104 	ldreq	r5, [r3], #260	; 0x104
  a4:	000000f2 	strdeq	r0, [r0], -r2
  a8:	000000fc 	strdeq	r0, [r0], -ip
  ac:	93500006 	cmpls	r0, #6
  b0:	04935104 	ldreq	r5, [r3], #260	; 0x104
  b4:	000000fc 	strdeq	r0, [r0], -ip
  b8:	00000116 	andeq	r0, r0, r6, lsl r1
  bc:	089e000a 	ldmeq	lr, {r1, r3}
	...
  d0:	0000000a 	andeq	r0, r0, sl
  d4:	00000062 	andeq	r0, r0, r2, rrx
  d8:	93540006 	cmpls	r4, #6
  dc:	04935504 	ldreq	r5, [r3], #1284	; 0x504
  e0:	00000076 	andeq	r0, r0, r6, ror r0
  e4:	00000084 	andeq	r0, r0, r4, lsl #1
  e8:	93540006 	cmpls	r4, #6
  ec:	04935504 	ldreq	r5, [r3], #1284	; 0x504
  f0:	00000092 	muleq	r0, r2, r0
  f4:	000000a0 	andeq	r0, r0, r0, lsr #1
  f8:	93540006 	cmpls	r4, #6
  fc:	04935504 	ldreq	r5, [r3], #1284	; 0x504
 100:	000000a2 	andeq	r0, r0, r2, lsr #1
 104:	000000c8 	andeq	r0, r0, r8, asr #1
 108:	93540006 	cmpls	r4, #6
 10c:	04935504 	ldreq	r5, [r3], #1284	; 0x504
 110:	000000cc 	andeq	r0, r0, ip, asr #1
 114:	00000116 	andeq	r0, r0, r6, lsl r1
 118:	93540006 	cmpls	r4, #6
 11c:	04935504 	ldreq	r5, [r3], #1284	; 0x504
	...
 128:	0000000e 	andeq	r0, r0, lr
 12c:	00000018 	andeq	r0, r0, r8, lsl r0
 130:	93500006 	cmpls	r0, #6
 134:	04935104 	ldreq	r5, [r3], #260	; 0x104
 138:	0000004e 	andeq	r0, r0, lr, asr #32
 13c:	000000ae 	andeq	r0, r0, lr, lsr #1
 140:	93560006 	cmpls	r6, #6
 144:	04935704 	ldreq	r5, [r3], #1796	; 0x704
	...
 150:	0000010c 	andeq	r0, r0, ip, lsl #2
 154:	00000116 	andeq	r0, r0, r6, lsl r1
 158:	00560001 	subseq	r0, r6, r1
 15c:	00000000 	andeq	r0, r0, r0
 160:	2c000000 	stccs	0, cr0, [r0], {-0}
 164:	2e000000 	cdpcs	0, 0, cr0, cr0, cr0, {0}
 168:	01000000 	mrseq	r0, (UNDEF: 0)
 16c:	00005300 	andeq	r5, r0, r0, lsl #6
 170:	00000000 	andeq	r0, r0, r0
 174:	00800000 	addeq	r0, r0, r0
 178:	00920000 	addseq	r0, r2, r0
 17c:	00010000 	andeq	r0, r1, r0
 180:	00009253 	andeq	r9, r0, r3, asr r2
 184:	00009400 	andeq	r9, r0, r0, lsl #8
 188:	73000300 	movwvc	r0, #768	; 0x300
 18c:	00949f7f 	addseq	r9, r4, pc, ror pc
 190:	00a20000 	adceq	r0, r2, r0
 194:	00010000 	andeq	r0, r1, r0
 198:	0000a253 	andeq	sl, r0, r3, asr r2
 19c:	0000a400 	andeq	sl, r0, r0, lsl #8
 1a0:	73000300 	movwvc	r0, #768	; 0x300
 1a4:	00a49f7f 	adceq	r9, r4, pc, ror pc
 1a8:	00b60000 	adcseq	r0, r6, r0
 1ac:	00010000 	andeq	r0, r1, r0
 1b0:	00000053 	andeq	r0, r0, r3, asr r0
 1b4:	00000000 	andeq	r0, r0, r0
 1b8:	00002e00 	andeq	r2, r0, r0, lsl #28
 1bc:	00008200 	andeq	r8, r0, r0, lsl #4
 1c0:	53000100 	movwpl	r0, #256	; 0x100
 1c4:	00000082 	andeq	r0, r0, r2, lsl #1
 1c8:	000000f2 	strdeq	r0, [r0], -r2
 1cc:	005e0001 	subseq	r0, lr, r1
 1d0:	00000000 	andeq	r0, r0, r0
 1d4:	地址 0x00000000000001d4 越界。


Disassembly of section .debug_str:

00000000 <.debug_str>:
   0:	64755f5f 	ldrbtvs	r5, [r5], #-3935	; 0xf5f
   4:	6f6d7669 	svcvs	0x006d7669
   8:	34696464 	strbtcc	r6, [r9], #-1124	; 0x464
   c:	6f682f00 	svcvs	0x00682f00
  10:	742f656d 	strtvc	r6, [pc], #-1389	; 18 <shift+0x18>
  14:	2d677763 	stclcs	7, cr7, [r7, #-396]!	; 0xfffffe74
  18:	6c697562 	cfstr64vs	mvdx7, [r9], #-392	; 0xfffffe78
  1c:	616c7364 	cmnvs	ip, r4, ror #6
  20:	772f6576 			; <UNDEFINED> instruction: 0x772f6576
  24:	736b726f 	cmnvc	fp, #-268435450	; 0xf0000006
  28:	65636170 	strbvs	r6, [r3, #-368]!	; 0x170
  2c:	7763742f 	strbvc	r7, [r3, -pc, lsr #8]!
  30:	616d2d67 	cmnvs	sp, r7, ror #26
  34:	722d656b 	eorvc	r6, sp, #448790528	; 0x1ac00000
  38:	61656c65 	cmnvs	r5, r5, ror #24
  3c:	6c2f6573 	cfstr32vs	mvfx6, [pc], #-460	; fffffe78 <__bss_end+0x787fc4f8>
  40:	6c656261 	sfmvs	f6, 2, [r5], #-388	; 0xfffffe7c
  44:	636f642f 	cmnvs	pc, #788529152	; 0x2f000000
  48:	2d72656b 	cfldr64cs	mvdx6, [r2, #-428]!	; 0xfffffe54
  4c:	73757274 	cmnvc	r5, #116, 4	; 0x40000007
  50:	612d7974 	teqvs	sp, r4, ror r9
  54:	3436646d 	ldrtcc	r6, [r6], #-1133	; 0x46d
  58:	7763742d 	strbvc	r7, [r3, -sp, lsr #8]!
  5c:	75622d67 	strbvc	r2, [r2, #-3431]!	; 0xd67
  60:	2f646c69 	svccs	0x00646c69
  64:	67726174 			; <UNDEFINED> instruction: 0x67726174
  68:	612f7465 	teqvs	pc, r5, ror #8
  6c:	6c2d6d72 	stcvs	13, cr6, [sp], #-456	; 0xfffffe38
  70:	78756e69 	ldmdavc	r5!, {r0, r3, r5, r6, r9, sl, fp, sp, lr}^
  74:	756e672d 	strbvc	r6, [lr, #-1837]!	; 0x72d
  78:	69626165 	stmdbvs	r2!, {r0, r2, r5, r6, r8, sp, lr}^
  7c:	5f2f6668 	svcpl	0x002f6668
  80:	6c697562 	cfstr64vs	mvdx7, [r9], #-392	; 0xfffffe78
  84:	75622f64 	strbvc	r2, [r2, #-3940]!	; 0xf64
  88:	73646c69 	cmnvc	r4, #26880	; 0x6900
  8c:	3638782f 	ldrtcc	r7, [r8], -pc, lsr #16
  90:	2d34365f 	ldccs	6, cr3, [r4, #-380]!	; 0xfffffe84
  94:	6e6b6e75 	mcrvs	14, 3, r6, cr11, cr5, {3}
  98:	2d6e776f 	stclcs	7, cr7, [lr, #-444]!	; 0xfffffe44
  9c:	756e696c 	strbvc	r6, [lr, #-2412]!	; 0x96c
  a0:	6e672d78 	mcrvs	13, 3, r2, cr7, cr8, {3}
  a4:	72612f75 	rsbvc	r2, r1, #468	; 0x1d4
  a8:	696c2d6d 	stmdbvs	ip!, {r0, r2, r3, r5, r6, r8, sl, fp, sp}^
  ac:	2d78756e 	cfldr64cs	mvdx7, [r8, #-440]!	; 0xfffffe48
  b0:	65756e67 	ldrbvs	r6, [r5, #-3687]!	; 0xe67
  b4:	68696261 	stmdavs	r9!, {r0, r5, r6, r9, sp, lr}^
  b8:	63672f66 	cmnvs	r7, #408	; 0x198
  bc:	696c2d63 	stmdbvs	ip!, {r0, r1, r5, r6, r8, sl, fp, sp}^
  c0:	6f72616e 	svcvs	0x0072616e
  c4:	392e342d 	stmdbcc	lr!, {r0, r2, r3, r5, sl, ip, sp}
  c8:	3130322d 	teqcc	r0, sp, lsr #4
  cc:	31302e37 	teqcc	r0, r7, lsr lr
  d0:	6174732d 	cmnvs	r4, sp, lsr #6
  d4:	2f326567 	svccs	0x00326567
  d8:	2d6d7261 	sfmcs	f7, 2, [sp, #-388]!	; 0xfffffe7c
  dc:	756e696c 	strbvc	r6, [lr, #-2412]!	; 0x96c
  e0:	6e672d78 	mcrvs	13, 3, r2, cr7, cr8, {3}
  e4:	62616575 	rsbvs	r6, r1, #490733568	; 0x1d400000
  e8:	2f666869 	svccs	0x00666869
  ec:	6762696c 	strbvs	r6, [r2, -ip, ror #18]!
  f0:	6c006363 	stcvs	3, cr6, [r0], {99}	; 0x63
  f4:	20676e6f 	rsbcs	r6, r7, pc, ror #28
  f8:	676e6f6c 	strbvs	r6, [lr, -ip, ror #30]!
  fc:	736e7520 	cmnvc	lr, #32, 10	; 0x8000000
 100:	656e6769 	strbvs	r6, [lr, #-1897]!	; 0x769
 104:	6e692064 	cdpvs	0, 6, cr2, cr9, cr4, {3}
 108:	6e750074 	mrcvs	0, 3, r0, cr5, cr4, {3}
 10c:	6e676973 	mcrvs	9, 3, r6, cr7, cr3, {3}
 110:	63206465 	teqvs	r0, #1694498816	; 0x65000000
 114:	00726168 	rsbseq	r6, r2, r8, ror #2
 118:	726f6873 	rsbvc	r6, pc, #7536640	; 0x730000
 11c:	6e752074 	mrcvs	0, 3, r2, cr5, cr4, {3}
 120:	6e676973 	mcrvs	9, 3, r6, cr7, cr3, {3}
 124:	69206465 	stmdbvs	r0!, {r0, r2, r5, r6, sl, sp, lr}
 128:	4700746e 	strmi	r7, [r0, -lr, ror #8]
 12c:	4320554e 	teqmi	r0, #327155712	; 0x13800000
 130:	392e3420 	stmdbcc	lr!, {r5, sl, ip, sp}
 134:	2d20342e 	cfstrscs	mvf3, [r0, #-184]!	; 0xffffff48
 138:	6372616d 	cmnvs	r2, #1073741851	; 0x4000001b
 13c:	72613d68 	rsbvc	r3, r1, #104, 26	; 0x1a00
 140:	2d37766d 	ldccs	6, cr7, [r7, #-436]!	; 0xfffffe4c
 144:	6d2d2061 	stcvs	0, cr2, [sp, #-388]!	; 0xfffffe7c
 148:	656e7574 	strbvs	r7, [lr, #-1396]!	; 0x574
 14c:	726f633d 	rsbvc	r6, pc, #-201326592	; 0xf4000000
 150:	2d786574 	cfldr64cs	mvdx6, [r8, #-464]!	; 0xfffffe30
 154:	2d203961 	stccs	9, cr3, [r0, #-388]!	; 0xfffffe7c
 158:	6f6c666d 	svcvs	0x006c666d
 15c:	612d7461 	teqvs	sp, r1, ror #8
 160:	683d6962 	ldmdavs	sp!, {r1, r5, r6, r8, fp, sp, lr}
 164:	20647261 	rsbcs	r7, r4, r1, ror #4
 168:	70666d2d 	rsbvc	r6, r6, sp, lsr #26
 16c:	66763d75 			; <UNDEFINED> instruction: 0x66763d75
 170:	2d337670 	ldccs	6, cr7, [r3, #-448]!	; 0xfffffe40
 174:	20363164 	eorscs	r3, r6, r4, ror #2
 178:	68746d2d 	ldmdavs	r4!, {r0, r2, r3, r5, r8, sl, fp, sp, lr}^
 17c:	20626d75 	rsbcs	r6, r2, r5, ror sp
 180:	6c746d2d 	ldclvs	13, cr6, [r4], #-180	; 0xffffff4c
 184:	69642d73 	stmdbvs	r4!, {r0, r1, r4, r5, r6, r8, sl, fp, sp}^
 188:	63656c61 	cmnvs	r5, #24832	; 0x6100
 18c:	6e673d74 	mcrvs	13, 3, r3, cr7, cr4, {3}
 190:	672d2075 			; <UNDEFINED> instruction: 0x672d2075
 194:	20672d20 	rsbcs	r2, r7, r0, lsr #26
 198:	2d20672d 	stccs	7, cr6, [r0, #-180]!	; 0xffffff4c
 19c:	2d20324f 	sfmcs	f3, 4, [r0, #-316]!	; 0xfffffec4
 1a0:	2d20324f 	sfmcs	f3, 4, [r0, #-316]!	; 0xfffffec4
 1a4:	2d20324f 	sfmcs	f3, 4, [r0, #-316]!	; 0xfffffec4
 1a8:	69756266 	ldmdbvs	r5!, {r1, r2, r5, r6, r9, sp, lr}^
 1ac:	6e69646c 	cdpvs	4, 6, cr6, cr9, cr12, {3}
 1b0:	696c2d67 	stmdbvs	ip!, {r0, r1, r2, r5, r6, r8, sl, fp, sp}^
 1b4:	63636762 	cmnvs	r3, #25690112	; 0x1880000
 1b8:	6e662d20 	cdpvs	13, 6, cr2, cr6, cr0, {1}
 1bc:	74732d6f 	ldrbtvc	r2, [r3], #-3439	; 0xd6f
 1c0:	2d6b6361 	stclcs	3, cr6, [fp, #-388]!	; 0xfffffe7c
 1c4:	746f7270 	strbtvc	r7, [pc], #-624	; 1cc <shift+0x1cc>
 1c8:	6f746365 	svcvs	0x00746365
 1cc:	662d2072 			; <UNDEFINED> instruction: 0x662d2072
 1d0:	20434950 	subcs	r4, r3, r0, asr r9
 1d4:	6f6e662d 	svcvs	0x006e662d
 1d8:	6c6e692d 	stclvs	9, cr6, [lr], #-180	; 0xffffff4c
 1dc:	20656e69 	rsbcs	r6, r5, r9, ror #28
 1e0:	7865662d 	stmdavc	r5!, {r0, r2, r3, r5, r9, sl, sp, lr}^
 1e4:	74706563 	ldrbtvc	r6, [r0], #-1379	; 0x563
 1e8:	736e6f69 	cmnvc	lr, #420	; 0x1a4
 1ec:	76662d20 	strbtvc	r2, [r6], -r0, lsr #26
 1f0:	62697369 	rsbvs	r7, r9, #-1543503871	; 0xa4000001
 1f4:	74696c69 	strbtvc	r6, [r9], #-3177	; 0xc69
 1f8:	69683d79 	stmdbvs	r8!, {r0, r3, r4, r5, r6, r8, sl, fp, ip, sp}^
 1fc:	6e656464 	cdpvs	4, 6, cr6, cr5, cr4, {3}
 200:	49445500 	stmdbmi	r4, {r8, sl, ip, lr}^
 204:	65707974 	ldrbvs	r7, [r0, #-2420]!	; 0x974
 208:	6d6f6300 	stclvs	3, cr6, [pc, #-0]	; 210 <shift+0x210>
 20c:	78656c70 	stmdavc	r5!, {r4, r5, r6, sl, fp, sp, lr}^
 210:	6f6c6620 	svcvs	0x006c6620
 214:	73007461 	movwvc	r7, #1121	; 0x461
 218:	74657a69 	strbtvc	r7, [r5], #-2665	; 0xa69
 21c:	00657079 	rsbeq	r7, r5, r9, ror r0
 220:	676e6f6c 	strbvs	r6, [lr, -ip, ror #30]!
 224:	6e6f6c20 	cdpvs	12, 6, cr6, cr15, cr0, {1}
 228:	6e692067 	cdpvs	0, 6, cr2, cr9, cr7, {3}
 22c:	53550074 	cmppl	r5, #116	; 0x74
 230:	70797449 	rsbsvc	r7, r9, r9, asr #8
 234:	68730065 	ldmdavs	r3!, {r0, r2, r5, r6}^
 238:	2074726f 	rsbscs	r7, r4, pc, ror #4
 23c:	00746e69 	rsbseq	r6, r4, r9, ror #28
 240:	706d6f63 	rsbvc	r6, sp, r3, ror #30
 244:	2078656c 	rsbscs	r6, r8, ip, ror #10
 248:	62756f64 	rsbsvs	r6, r5, #100, 30	; 0x190
 24c:	2f00656c 	svccs	0x0000656c
 250:	656d6f68 	strbvs	r6, [sp, #-3944]!	; 0xf68
 254:	7763742f 	strbvc	r7, [r3, -pc, lsr #8]!
 258:	75622d67 	strbvc	r2, [r2, #-3431]!	; 0xd67
 25c:	73646c69 	cmnvc	r4, #26880	; 0x6900
 260:	6576616c 	ldrbvs	r6, [r6, #-364]!	; 0x16c
 264:	726f772f 	rsbvc	r7, pc, #12320768	; 0xbc0000
 268:	6170736b 	cmnvs	r0, fp, ror #6
 26c:	742f6563 	strtvc	r6, [pc], #-1379	; 274 <shift+0x274>
 270:	2d677763 	stclcs	7, cr7, [r7, #-396]!	; 0xfffffe74
 274:	656b616d 	strbvs	r6, [fp, #-365]!	; 0x16d
 278:	6c65722d 	sfmvs	f7, 2, [r5], #-180	; 0xffffff4c
 27c:	65736165 	ldrbvs	r6, [r3, #-357]!	; 0x165
 280:	62616c2f 	rsbvs	r6, r1, #12032	; 0x2f00
 284:	642f6c65 	strtvs	r6, [pc], #-3173	; 28c <shift+0x28c>
 288:	656b636f 	strbvs	r6, [fp, #-879]!	; 0x36f
 28c:	72742d72 	rsbsvc	r2, r4, #7296	; 0x1c80
 290:	79747375 	ldmdbvc	r4!, {r0, r2, r4, r5, r6, r8, r9, ip, sp, lr}^
 294:	646d612d 	strbtvs	r6, [sp], #-301	; 0x12d
 298:	742d3436 	strtvc	r3, [sp], #-1078	; 0x436
 29c:	2d677763 	stclcs	7, cr7, [r7, #-396]!	; 0xfffffe74
 2a0:	6c697562 	cfstr64vs	mvdx7, [r9], #-392	; 0xfffffe78
 2a4:	61742f64 	cmnvs	r4, r4, ror #30
 2a8:	74656772 	strbtvc	r6, [r5], #-1906	; 0x772
 2ac:	6d72612f 	ldfvse	f6, [r2, #-188]!	; 0xffffff44
 2b0:	6e696c2d 	cdpvs	12, 6, cr6, cr9, cr13, {1}
 2b4:	672d7875 			; <UNDEFINED> instruction: 0x672d7875
 2b8:	6165756e 	cmnvs	r5, lr, ror #10
 2bc:	66686962 	strbtvs	r6, [r8], -r2, ror #18
 2c0:	616e732f 	cmnvs	lr, pc, lsr #6
 2c4:	6f687370 	svcvs	0x00687370
 2c8:	672f7374 			; <UNDEFINED> instruction: 0x672f7374
 2cc:	6c2d6363 	stcvs	3, cr6, [sp], #-396	; 0xfffffe74
 2d0:	72616e69 	rsbvc	r6, r1, #1680	; 0x690
 2d4:	2e342d6f 	cdpcs	13, 3, cr2, cr4, cr15, {3}
 2d8:	30322d39 	eorscc	r2, r2, r9, lsr sp
 2dc:	302e3731 	eorcc	r3, lr, r1, lsr r7
 2e0:	696c2f31 	stmdbvs	ip!, {r0, r4, r5, r8, r9, sl, fp, sp}^
 2e4:	63636762 	cmnvs	r3, #25690112	; 0x1880000
 2e8:	62696c2f 	rsbvs	r6, r9, #12032	; 0x2f00
 2ec:	32636367 	rsbcc	r6, r3, #-1677721599	; 0x9c000001
 2f0:	地址 0x00000000000002f0 越界。

